AU,Title,Year,,,,,,,,,,,,,,,,,,,,,,,,,,,,,,,
Mason A.R.; Puchol-Salort P.; Gathorne-Hardy A.; Smith B.M.; Myers R.J.,"Local terrestrial biodiversity impacts in life cycle assessment: A case study of sedum roofs in London, UK",2024,,,,,,,,,,,,,,,,,,,,,,,,,,,,,,,
Yang L.; Bian C.; Pan S.; Chen W.; Zeng J.; Xu H.; Gu T.,Assessing the conservation effectiveness of theWorld's protected areas: A habitat quality and human activities perspective,2023,,,,,,,,,,,,,,,,,,,,,,,,,,,,,,,
Czyżewski B.; Kryszak,Can a pursuit of productivity be reconciled with sustainable practices in small-scale farming? Evidence from central and eastern Europe,2023,,,,,,,,,,,,,,,,,,,,,,,,,,,,,,,
Chen K.; Li T.; Yang M.; Zhou X.; Peng C.,The effects of environmental factors and plant diversity on forest carbon sequestration vary between eastern and western regions of China,2024,,,,,,,,,,,,,,,,,,,,,,,,,,,,,,,
Kulionis V.; Pfister S.; Fernandez J.,Biodiversity impact assessment for finance,2024,,,,,,,,,,,,,,,,,,,,,,,,,,,,,,,
Yang R.; Chen S.; Dong X.; Wang K.; He T.; Chen H.; Li X.; Ye Y.; Xiao W.,Revealing conflict risk between landscape modification and species conservation in the context of climate change,2024,,,,,,,,,,,,,,,,,,,,,,,,,,,,,,,
Huang C.; Cheng J.; Liu S.; Wan Y.; Zhou J.; Liu Z.; Peng C.,"Impacts of landscape dynamics on terrestrial ecosystem health in the Three Gorges Reservoir Area, China",2024,,,,,,,,,,,,,,,,,,,,,,,,,,,,,,,
Lago-Olveira S.; Cancela J.J.; Tubío M.; Moreira H.F.; Moreira M.T.; González-García S.,Environmental benefits of ozonated water for sustainable grapevine disease control: A life cycle and carbon sequestration analysis,2024,,,,,,,,,,,,,,,,,,,,,,,,,,,,,,,
Spillias S.; Cottrell R.S.; Layton C.; O'Brien K.R.; McDonald-Madden E.,Having our kelp and eating it too: Minimizing trade-offs from seaweed farming,2024,,,,,,,,,,,,,,,,,,,,,,,,,,,,,,,
Xiong X.; Li Y.; Zhou X.; Zhang C.,Methane emission mitigation in hypoxic freshwater triggered by oxygen-carrying dual-modified sediment-based biochar,2023,,,,,,,,,,,,,,,,,,,,,,,,,,,,,,,
Liu H.; Liu S.; Wang F.; Liu Y.; Han Z.; Wang Q.; Yu L.; Dong Y.; Sun J.,Multilevel driving factors affecting ecosystem services and biodiversity dynamics on the Qinghai-Tibet Plateau,2023,,,,,,,,,,,,,,,,,,,,,,,,,,,,,,,
Carvalho S.H.C.D.; Cojoianu T.; Ascui F.,From impacts to dependencies: A first global assessment of corporate biodiversity risk exposure and responses,2023,,,,,,,,,,,,,,,,,,,,,,,,,,,,,,,
Hatt S.; Döring T.F.,Designing pest suppressive agroecosystems: Principles for an integrative diversification science,2023,,,,,,,,,,,,,,,,,,,,,,,,,,,,,,,
Kennedy S.; Fuchs M.; van Ingen W.; Schoenmaker D.,A resilience approach to corporate biodiversity impact measurement,2023,,,,,,,,,,,,,,,,,,,,,,,,,,,,,,,
Wang J.; Bai Y.; Huang Z.; Ashraf A.; Ali M.; Fang Z.; Lu X.,"Identifying ecological security patterns to prioritize conservation and restoration：A case study in Xishuangbanna tropical region, China",2024,,,,,,,,,,,,,,,,,,,,,,,,,,,,,,,
Matej S.; Kaufmann L.; Semenchuk P.; Dullinger S.; Essl F.; Haberl H.; Kalt G.; Kastner T.; Lauk C.; Krausmann F.; Erb K.-H.,Options for reducing a city's global biodiversity footprint – The case of food consumption in Vienna,2024,,,,,,,,,,,,,,,,,,,,,,,,,,,,,,,
Kaiser F.A.C.; Ribeiro A.R.; Montagner C.C.,Environmental and socioeconomic aspects related to the acceptance of direct potable reuse in a metropolitan city in Brazil,2024,,,,,,,,,,,,,,,,,,,,,,,,,,,,,,,
Liu S.; Song B.; Sehar S.; Adil M.F.; Lin X.; Huo J.; Zhao X.; Riaz M.,Variations in rhizosphere soil dominant and pathogenic flora improve boron-efficient Beta vulgaris L. yield under boron deficit,2024,,,,,,,,,,,,,,,,,,,,,,,,,,,,,,,
Kweon D.; Jo J.-H.,Ecological and socio-economic factors influence stand biodiversity,2024,,,,,,,,,,,,,,,,,,,,,,,,,,,,,,,
Wagner M.,"Business, biodiversity and ecosystem services: Evidence from large-scale survey data",2023,,,,,,,,,,,,,,,,,,,,,,,,,,,,,,,
Panwar R.; Pinkse J.; Cashore B.; Husted B.W.,Why corporate sustainability initiatives fail to reduce deforestation and what to do about it,2023,,,,,,,,,,,,,,,,,,,,,,,,,,,,,,,
Shahab Y.; Wang P.; Tauringana V.,Sustainable development and environmental ingenuities: The influence of collaborative arrangements on environmental performance,2023,,,,,,,,,,,,,,,,,,,,,,,,,,,,,,,
Nedopil C.,Integrating biodiversity into financial decision-making: Challenges and four principles,2023,,,,,,,,,,,,,,,,,,,,,,,,,,,,,,,
Ma L.; Pan J.,Spatial identification and priority conservation areas determination of wilderness in China,2024,,,,,,,,,,,,,,,,,,,,,,,,,,,,,,,
Schaltegger S.; Gibassier D.; Maas K.,Managing and accounting for corporate biodiversity contributions. Mapping the field,2023,,,,,,,,,,,,,,,,,,,,,,,,,,,,,,,
Davin K.; Koslowski M.; Dorber M.; Hertwich E.,Examining global biodiversity accounts: Implications of aggregating characterization factors from elementary flows in multi-regional input–output analysis,2024,,,,,,,,,,,,,,,,,,,,,,,,,,,,,,,
Shen X.; Bai X.; Zhao C.; Tan Q.; Luo G.; Li C.; Ran C.; Zhang S.; Xiong L.; Liao J.; Du C.; Li Z.; Xue Y.; Long M.; Li M.; Luo Q.; Yang S.; Zhang X.; Xie Y.,Global response of soil biodiversity to climate and land use changes,2024,,,,,,,,,,,,,,,,,,,,,,,,,,,,,,,
Zhou D.; Zhang L.; Huang L.; Fan J.; Li Y.; Zhang H.,Satellite evidence for small biophysical effects of transport infrastructure in the Qinghai-Tibet Plateau,2023,,,,,,,,,,,,,,,,,,,,,,,,,,,,,,,
Sedighkia M.; Abdoli A.,A fish biodiversity protection based approach for assessing environmental flow regime in rivers,2024,,,,,,,,,,,,,,,,,,,,,,,,,,,,,,,
Bansal P.; Durand R.; Kreutzer M.; Kunisch S.; McGahan A.M.,Strategy can no Longer Ignore Planetary Boundaries: A Call for Tackling Strategy's Ecological Fallacy,2024,,,,,,,,,,,,,,,,,,,,,,,,,,,,,,,
Gilad D.; Borgelt J.; May R.; Dorber M.; Verones F.,Biodiversity impacts of Norway's renewable electricity grid,2024,,,,,,,,,,,,,,,,,,,,,,,,,,,,,,,
Zhou H.; Mo X.; Yi M.; Li Y.; Liang S.,Transmission centers of global embodied mercury emissions are moving from developed to developing regions,2024,,,,,,,,,,,,,,,,,,,,,,,,,,,,,,,
Huo X.; Xu Y.; Huang F.; He S.; Cai Y.; Xiao L.,"Watershed land-use heterogeneity affecting spatial patterns of fish community structure in Han River basin, China",2023,,,,,,,,,,,,,,,,,,,,,,,,,,,,,,,
Zhao Y.; Zhao Y.; Liu X.; Zhou Y.,"Enhancing conservation and management of mountain area through a biocultural diversity evaluation approach:A case study of Taishan Mountain Area, China",2024,,,,,,,,,,,,,,,,,,,,,,,,,,,,,,,
Jaeger S.R.; Harker F.R.; Ares G.,"Consumer insights about sustainable and ‘beyond organic’ agriculture: A study of biodynamics in the United Kingdom, Australia, Singapore, and Germany",2023,,,,,,,,,,,,,,,,,,,,,,,,,,,,,,,
Gilad D.; May R.; Stokke B.G.; Verones F.,Between the lines: Life cycle impact assessment models of collision and electrocution impacts of power lines on bird diversity in Norway,2024,,,,,,,,,,,,,,,,,,,,,,,,,,,,,,,
Wang J.; Yang S.; Tian Y.; Liang E.; Zhao X.; Li B.,Intensified anthropogenic disturbances impair planktonic algae in an urban river,2024,,,,,,,,,,,,,,,,,,,,,,,,,,,,,,,
Slijper T.; Tensi A.F.; Ang F.; Ali B.M.; van der Fels-Klerx H.J.,Investigating the relationship between knowledge and the adoption of sustainable agricultural practices: The case of Dutch arable farmers,2023,,,,,,,,,,,,,,,,,,,,,,,,,,,,,,,
Ur Rahman S.; Han J.-C.; Zhou Y.; Ahmad M.; Li B.; Wang Y.; Huang Y.; Yasin G.; Ansari M.J.; Saeed M.; Ahmad I.,Adaptation and remediation strategies of mangroves against heavy metal contamination in global coastal ecosystems: A review,2024,,,,,,,,,,,,,,,,,,,,,,,,,,,,,,,
Zhao R.; Wang S.; Chen S.,Predicting the potential habitat suitability of Saussurea species in China under future climate scenarios using the optimized Maximum Entropy (MaxEnt) model,2024,,,,,,,,,,,,,,,,,,,,,,,,,,,,,,,
Qiao D.; Shen S.; Chen J.; Lu W.; Xu C.; Su M.,Urban resilience assessment from the perspective of cross-media carbon metabolism,2024,,,,,,,,,,,,,,,,,,,,,,,,,,,,,,,
Issa A.; Zaid M.A.A.,Firm's biodiversity initiatives disclosure and board gender diversity: A multi-country analysis of corporations operating in Europe,2023,,,,,,,,,,,,,,,,,,,,,,,,,,,,,,,
Rossberg A.G.; O'Sullivan J.D.; Malysheva S.; Shnerb N.M.,A metric for tradable biodiversity credits quantifying impacts on global extinction risk,2024,,,,,,,,,,,,,,,,,,,,,,,,,,,,,,,
Wermeille A.; Gaillet G.; Asselin A.-C.,Don't miss the big fish! Operational accounting of two major drivers of marine biodiversity loss in LCA of seafood products,2024,,,,,,,,,,,,,,,,,,,,,,,,,,,,,,,
Bordoni R.; Rigo I.; Dapueto G.; Povero P.; Vassallo P.; Paoli C.,Assessment of natural capital and environmental flows distribution: A Mediterranean case study,2023,,,,,,,,,,,,,,,,,,,,,,,,,,,,,,,
D'Amato D.; La Notte A.; Damiani M.; Sala S.,"Biodiversity and ecosystem services in business sustainability: Toward systematic, value chain-wide monitoring that aligns with public accounting",2024,,,,,,,,,,,,,,,,,,,,,,,,,,,,,,,
Li C.; Zhang S.,Assessing and explaining rising global carbon sink capacity in karst ecosystems,2024,,,,,,,,,,,,,,,,,,,,,,,,,,,,,,,
Mu H.; Guo S.; Li X.; Zhou Y.; Lü Y.; Du X.; Huang J.; Ma C.; Zhang X.; Xia Z.; Fang H.; Du P.,Quantifying landscape connectivity gaps between protected area and natural habitat,2024,,,,,,,,,,,,,,,,,,,,,,,,,,,,,,,
Bogenreuther J.; Kastner T.; Schneider F.; Koellner T.,Biodiversity impact of food waste: Quantification for supply chain stages and products in Germany,2024,,,,,,,,,,,,,,,,,,,,,,,,,,,,,,,
Treepongkaruna S.,Corporate sustainability and biodiversity reporting: A proactive business strategy to mitigate litigation and reputational risks,2024,,,,,,,,,,,,,,,,,,,,,,,,,,,,,,,
Bai Y.; Fang Z.; Hughes A.C.; Huang Z.; Jiang B.; Quan R.; Ma K.,How to go forward and beyond: Future tasks of China's protected areas system,2024,,,,,,,,,,,,,,,,,,,,,,,,,,,,,,,
Zhang H.; Li Y.; Xu Y.; John R.,The recovery of soil N-cycling and P-cycling following reforestation in a degraded tropical limestone mine,2024,,,,,,,,,,,,,,,,,,,,,,,,,,,,,,,
White T.B.; Petrovan S.O.; Bennun L.A.; Butterworth T.; Christie A.P.; Downey H.; Hunter S.B.; Jobson B.R.; zu Ermgassen S.O.S.E.; Sutherland W.J.,Principles for using evidence to improve biodiversity impact mitigation by business,2023,,,,,,,,,,,,,,,,,,,,,,,,,,,,,,,
Atkins J.F.; Atkins B.; Maroun W.; Barone E.; Gozman D.,Conservation through conversation? Therapeutic engagement on biodiversity and extinction between NGOs and companies,2023,,,,,,,,,,,,,,,,,,,,,,,,,,,,,,,
Nursyamin Z.; Yahya M.S.; Atikah S.N.; Tohiran K.A.; Norhisham A.R.; Othman N.W.; Lechner A.M.; Azhar B.,Identifying indicator bird species for sustainable oil palm plantation certification,2023,,,,,,,,,,,,,,,,,,,,,,,,,,,,,,,
Zhang J.; Qin R.; He J.,Biodiversity loss and inter-provincial cooperative protection in China based on input-output model,2024,,,,,,,,,,,,,,,,,,,,,,,,,,,,,,,
Huang Y.; Cao Y.; Wu J.,Evaluating the spatiotemporal dynamics of ecosystem service supply-demand risk from the perspective of service flow to support regional ecosystem management: A case study of yangtze river delta urban agglomeration,2024,,,,,,,,,,,,,,,,,,,,,,,,,,,,,,,
Daaboul J.; Moriarty P.; Honnery D.,Net green energy potential of solar photovoltaic and wind energy generation systems,2023,,,,,,,,,,,,,,,,,,,,,,,,,,,,,,,
Ali M.; Huang Z.; Bai Y.; Tng D.Y.P.; Qin F.; Fang Z.,A multifaceted approach to expanding conservation efforts in the Pan-Himalayan landscape,2024,,,,,,,,,,,,,,,,,,,,,,,,,,,,,,,
Hashemi R.; Darabi H.; Hashemi M.; Wang J.,Graph theory in ecological network analysis: A systematic review for connectivity assessment,2024,,,,,,,,,,,,,,,,,,,,,,,,,,,,,,,
Liu Y.; Huang X.; Liu Y.,Detection of long-term land use and ecosystem services dynamics in the Loess Hilly-Gully region based on artificial intelligence and multiple models,2024,,,,,,,,,,,,,,,,,,,,,,,,,,,,,,,
John E.P.; Mishra U.,"Integrated multitrophic aquaculture supply chain fish traceability with blockchain technology, valorisation of fish waste and plastic pollution reduction by seaweed bioplastic: A study in tuna fish aquaculture industry",2024,,,,,,,,,,,,,,,,,,,,,,,,,,,,,,,
Velte P.,Sustainable board governance and environmental performance: European evidence,2024,,,,,,,,,,,,,,,,,,,,,,,,,,,,,,,
Yang L.; Xu H.; Pan S.; Chen W.; Zeng J.,Identifying the impact of global human activities expansion on natural habitats,2024,,,,,,,,,,,,,,,,,,,,,,,,,,,,,,,
Ali R.; García-Sánchez I.-M.; Aibar-Guzmán B.; Rehman R.U.,Is biodiversity disclosure emerging as a key topic on the agenda of institutional investors?,2024,,,,,,,,,,,,,,,,,,,,,,,,,,,,,,,
Panwar R.; Ober H.; Pinkse J.,The uncomfortable relationship between business and biodiversity: Advancing research on business strategies for biodiversity protection,2023,,,,,,,,,,,,,,,,,,,,,,,,,,,,,,,
De Sisto M.; Ul-Durar S.; Arshed N.; Iqbal M.; Nazarian A.,Natural resource extraction - Sustainable development relationship and energy productivity moderation in resource-rich countries: A panel Bayesian regression analysis,2024,,,,,,,,,,,,,,,,,,,,,,,,,,,,,,,
Layman H.; Akçakaya H.R.; Irwin A.; zu Ermgassen S.; Addison P.; Burgman M.,Short-term solutions to biodiversity conservation in portfolio construction: Forward-looking disclosure and classification-based metrics,2024,,,,,,,,,,,,,,,,,,,,,,,,,,,,,,,
Liang Q.; Zhai J.; Li C.,From separation to incorporation: Development of a unifying framework that integrated bird habitats with public recreation spaces within the wetland park system,2023,,,,,,,,,,,,,,,,,,,,,,,,,,,,,,,
Herbert S.; Bradley P.; Everard M.,Exploring the prioritisation of biodiversity amongst small- to medium-sized enterprise leaders with strong bigger-than-self value orientation,2023,,,,,,,,,,,,,,,,,,,,,,,,,,,,,,,
Yang L.; Pan S.; Chen W.; Zeng J.; Xu H.; Gu T.,Spatially non-stationary response of habitat quality to land use activities in World's protected areas over 20 years,2023,,,,,,,,,,,,,,,,,,,,,,,,,,,,,,,
Zhang Y.; Song C.; Wang X.; Chen N.; Ma G.; Zhang H.; Cheng X.; Sun D.,How climate warming and plant diversity affect carbon greenhouse gas emissions from boreal peatlands: Evidence from a mesocosm study,2023,,,,,,,,,,,,,,,,,,,,,,,,,,,,,,,
Zhang F.; Xie C.; Liu H.; Zhou T.; Shan B.; Chen J.,"Ecological conservation redline delineation in flood detention areas: A case study in Anxiang County, Yangtze River Basin, China",2024,,,,,,,,,,,,,,,,,,,,,,,,,,,,,,,
Gastauer M.; Pinheiro T.; Caldeira C.F.; Ramos S.J.; Coelho R.R.; Fonseca D.S.; Tyski L.; Cardoso A.L.D.R.; de Sá Carvalho Neto C.; Guimarães L.; Sanjuan de Medeiros Sarmento P.,Large-scale forest restoration generates comprehensive biodiversity gains in an Amazonian mining site,2024,,,,,,,,,,,,,,,,,,,,,,,,,,,,,,,
Atupola U.; Gunarathne N.,Institutional pressures for corporate biodiversity management practices in the plantation sector: Evidence from the tea industry in Sri Lanka,2023,,,,,,,,,,,,,,,,,,,,,,,,,,,,,,,
"Domingo J.P.T.; Jenkin G.R.T.; Quick L.; Williams R.D.; Hudson-Edwards K.A.; Tortajada C.; Byrne P.; Coulthard T.J.; Padrones J.T.; Crane R.; Gibaga C.R.L.; Vasilopoulos G.; Tungpalan K.; Samaniego J.O.; Biles E.; Tanciongco A.M.; Chambers J.E.; Quimado M.O.; Bautista A.T., VII; Gonzalvo F.I.P.; Aquino K.A.; Swift R.T.; Cui L.E.; Chalkley R.; Tibbett M.; Faustino-Eslava D.V.; Arcilla C.A.","Sustainable mining in tropical, biodiverse landscapes: Environmental challenges and opportunities in the archipelagic Philippines",2024,,,,,,,,,,,,,,,,,,,,,,,,,,,,,,,
Broquet M.; Campos F.S.; Cabral P.; David J.,Habitat quality on the edge of anthropogenic pressures: Predicting the impact of land use changes in the Brazilian Upper Paraguay river Basin,2024,,,,,,,,,,,,,,,,,,,,,,,,,,,,,,,
Ceballos-Santos S.; Entrena-Barbero E.; Laso J.; Margallo M.; González-García S.; Moreira M.T.; Almeida C.; Marques A.; Quinteiro P.; Dias A.C.; Villanueva-Rey P.; Loubet P.; Erradhouani B.; Cooney R.; Clifford E.; Baptista de Sousa D.A.; Feijoo G.; Aldaco R.,Applying a water-energy-food nexus approach to seafood products from the European Atlantic area,2024,,,,,,,,,,,,,,,,,,,,,,,,,,,,,,,
Rinke Dias de Souza N.; Palma Petrielli G.; Dourado Hernandes T.A.; Leduc S.; Di Fulvio F.; de Souza Henzler D.; Ferreira Chagas M.; Lopes Junqueira T.; Cavalett O.,Bioenergy-livestock integration in Brazil: Unraveling potentials for energy production and climate change mitigation,2023,,,,,,,,,,,,,,,,,,,,,,,,,,,,,,,
Mallick M.; Singh P.K.; Pandey R.,Harvesting resilience: Tribal home-gardens as socio-ecological solutions for climate change adaptation and sustainable development in a protected area,2024,,,,,,,,,,,,,,,,,,,,,,,,,,,,,,,
Bassen A.; Buchholz D.; Lopatta K.; Rudolf A.R.,Biodiversity management and stock price crash risk,2024,,,,,,,,,,,,,,,,,,,,,,,,,,,,,,,
Hörisch J.; Petersen L.; Jacobs K.,The impact of biodiversity information on willingness to pay,2024,,,,,,,,,,,,,,,,,,,,,,,,,,,,,,,
Arjaliès D.-L.; Banerjee S.B.,‘Let's Go to the Land Instead’: Indigenous Perspectives on Biodiversity and the Possibilities of Regenerative Capital,2024,,,,,,,,,,,,,,,,,,,,,,,,,,,,,,,
Sánchez-Zarco X.G.; Ponce-Ortega J.M.,"Water-energy-food-ecosystem nexus: An optimization approach incorporating life cycle, security and sustainability assessment",2023,,,,,,,,,,,,,,,,,,,,,,,,,,,,,,,
Marquardt S.G.; Joyce P.J.; Rigarlsford G.; Dötsch-Klerk M.; van Elk K.; Doelman J.; Daioglou V.; Huijbregts M.A.J.; Sim S.,Prospective life cycle assessment of climate and biodiversity impacts of meat-based and plant-forward meals: A case study of Indonesian and German meal options,2024,,,,,,,,,,,,,,,,,,,,,,,,,,,,,,,
Ganie J.A.; Bhat M.Y.,Sand mining in BRICS economies: Tragedy of the commons or fortune in the making?,2024,,,,,,,,,,,,,,,,,,,,,,,,,,,,,,,
Petrescu-Mag R.M.; Petrescu D.C.; Azadi H.,Biodiversity conservation indicators and conflict management: Application of environmental expert-based approach in Romania,2024,,,,,,,,,,,,,,,,,,,,,,,,,,,,,,,
Chen L.; Ding M.; Zhang H.; Wang N.; Zhang Y.; Wan J.; Xie K.,Effects of dominant plant species change on soil multifunctionality in alpine meadows of the three-river source region,2024,,,,,,,,,,,,,,,,,,,,,,,,,,,,,,,
Lin J.; Ding W.; Zhou H.; Wang H.,Mitigating adverse impacts of reservoir impoundment on lake ecology: A case study of the Three Gorges Reservoir and Dongting Lake,2024,,,,,,,,,,,,,,,,,,,,,,,,,,,,,,,
Yue Q.; Zhang J.; Qin R.; Huang J.; He J.,Analysis on the loss path and cooperative protection of global biodiversity based on input-output model,2023,,,,,,,,,,,,,,,,,,,,,,,,,,,,,,,
Dahlmann F.,Conceptualising Sustainability as the Pursuit of Life,2024,,,,,,,,,,,,,,,,,,,,,,,,,,,,,,,
Mirzad M.Z.; Kazemi H.; Sheikh F.; Klug H.; Gherekhloo J.,Assessment and quantification of some short term ecosystem services in garden pea field,2023,,,,,,,,,,,,,,,,,,,,,,,,,,,,,,,
Oiza N.; Moral-Vico J.; Sánchez A.; Gea T.,Enhanced anaerobic digestion of food waste using purified lactonic sophorolipids produced by solid-state fermentation of molasses and oil waste: A circular approach,2024,,,,,,,,,,,,,,,,,,,,,,,,,,,,,,,
Schlesier H.; Schäfer M.; Desing H.,Measuring the Doughnut: A good life for all is possible within planetary boundaries: Measuring the Doughnut,2024,,,,,,,,,,,,,,,,,,,,,,,,,,,,,,,
Maroun W.; Ecim D.,"Biodiversity reporting by United Kingdom (UK)-listed companies: A review of extent, content and readability of disclosures",2024,,,,,,,,,,,,,,,,,,,,,,,,,,,,,,,
Cruz Torres F.; Babí Almenar J.; Rugani B.,Photovoltaic-green roof energy communities can uphold the European Green Deal: Probabilistic cost-benefit analyses help discern economically convenient scenarios,2023,,,,,,,,,,,,,,,,,,,,,,,,,,,,,,,
Schulte M.; Jonsson R.; Eggers J.; Hammar T.; Stendahl J.; Hansson P.-A.,Demand-driven climate change mitigation and trade-offs from wood product substitution: The case of Swedish multi-family housing construction,2023,,,,,,,,,,,,,,,,,,,,,,,,,,,,,,,
Zeng F.; Liu D.; Xiao C.; Li K.; Qian X.; He Y.; Giesy J.P.; Mu Y.; Wang M.,Advances and perspectives on the life-cycle impact assessment of personal protective equipment in the post-COVID-19 pandemic,2024,,,,,,,,,,,,,,,,,,,,,,,,,,,,,,,
Liu D.; Mo Q.; Zhang W.; Lin W.; Li W.; Batyrbek M.; Ding R.; Li H.; Yang B.; Zou Y.; Wang L.; Gan Y.; Zhang X.; Han Q.,"Adapting to diversified garlic-maize rotation systems by adjusting nitrogen application: Assessing crop yield, nitrogen utilization, and nitrogen footprint",2024,,,,,,,,,,,,,,,,,,,,,,,,,,,,,,,
Zhu Y.; Prescott G.W.; Chu P.; Carrasco L.R.,Glaring gaps in tools to estimate businesses’ biodiversity impacts hinder alignment with the Kunming-Montreal global biodiversity framework,2024,,,,,,,,,,,,,,,,,,,,,,,,,,,,,,,
Wang J.; Li Y.; Bork E.W.; Richter G.M.; Chen C.; Hussain Shah S.H.; Mezbahuddin S.,"Effects of grazing management on spatio-temporal heterogeneity of soil carbon and greenhouse gas emissions of grasslands and rangelands: Monitoring, assessment and scaling-up",2021,,,,,,,,,,,,,,,,,,,,,,,,,,,,,,,
Alvarado R.; Tillaguango B.; Dagar V.; Ahmad M.; Işık C.; Méndez P.; Toledo E.,"Ecological footprint, economic complexity and natural resources rents in Latin America: Empirical evidence using quantile regressions",2021,,,,,,,,,,,,,,,,,,,,,,,,,,,,,,,
Shen J.; Li S.; Liu L.; Liang Z.; Wang Y.; Wang H.; Wu S.,Uncovering the relationships between ecosystem services and social-ecological drivers at different spatial scales in the Beijing-Tianjin-Hebei region,2021,,,,,,,,,,,,,,,,,,,,,,,,,,,,,,,
Talbot D.; Boiral O.,Public organizations and biodiversity disclosure: Saving face to meet a legal obligation?,2021,,,,,,,,,,,,,,,,,,,,,,,,,,,,,,,
Chen Y.; Wang Y.; Liew J.H.; Wang P.L.,Development of a methodological framework for evaluating biodiversity of built urban green infrastructures by practitioners,2021,,,,,,,,,,,,,,,,,,,,,,,,,,,,,,,
,"CORRIGENDUM:Connecting businesses and biodiversity conservation through community organizing: The case of babassu breaker women in Brazil(Business Strategy and the Environment, (2022), 1–17, (2618–2634), 10.1002/bse.3134)",2022,,,,,,,,,,,,,,,,,,,,,,,,,,,,,,,
Mengist W.; Soromessa T.; Feyisa G.L.,Landscape change effects on habitat quality in a forest biosphere reserve: Implications for the conservation of native habitats,2021,,,,,,,,,,,,,,,,,,,,,,,,,,,,,,,
Hardaker A.; Styles D.; Williams P.; Chadwick D.; Dandy N.,A framework for integrating ecosystem services as endpoint impacts in life cycle assessment,2022,,,,,,,,,,,,,,,,,,,,,,,,,,,,,,,
Liu H.; Du X.; Li Y.; Han X.; Li B.; Zhang X.; Li Q.; Liang W.,Organic substitutions improve soil quality and maize yield through increasing soil microbial diversity,2022,,,,,,,,,,,,,,,,,,,,,,,,,,,,,,,
Mosgaard M.A.; Bundgaard A.M.; Kristensen H.S.,ISO 14001 practices – A study of environmental objectives in Danish organizations,2022,,,,,,,,,,,,,,,,,,,,,,,,,,,,,,,
Zhang J.; Li F.; Lv Q.; Wang Y.; Yu J.; Gao Y.; Ren Z.; Zhang X.; Lv Z.,Impact of the Water–Sediment Regulation Scheme on the phytoplankton community in the Yellow River estuary,2021,,,,,,,,,,,,,,,,,,,,,,,,,,,,,,,
Xu H.-J.; Zhao C.-Y.; Chen S.-Y.; Shan S.-Y.; Qi X.-L.; Chen T.; Wang X.-P.,Spatial relationships among regulating ecosystem services in mountainous regions: Nonlinear and elevation-dependent,2022,,,,,,,,,,,,,,,,,,,,,,,,,,,,,,,
Heyl K.; Ekardt F.,Barriers and methodology in transitioning to sustainability: Analysing web news comments concerning animal-based diets,2022,,,,,,,,,,,,,,,,,,,,,,,,,,,,,,,
Feng Y.; Zhang H.; Song X.; Ge T.; Zhu J.; Zhou C.; Cobb K.; Yan X.; Ruan R.; Cheng P.,Microalgae as a potential conditioner for continuous cropping obstacles for taro (Colocasia esculenta L. Schott) production,2022,,,,,,,,,,,,,,,,,,,,,,,,,,,,,,,
Baroth A.; Mamgain S.; Sivakumar K.; Hatkar P.S.; Pathan S.,Role of protected area in reducing marine and plastic litter: A case study from India's first Marine Protected Area and comparison with Non-Protected Areas,2022,,,,,,,,,,,,,,,,,,,,,,,,,,,,,,,
Li S.; Yu D.; Huang T.; Hao R.,"Identifying priority conservation areas based on comprehensive consideration of biodiversity and ecosystem services in the Three-River Headwaters Region, China",2022,,,,,,,,,,,,,,,,,,,,,,,,,,,,,,,
Ramzan M.; Raza S.A.; Usman M.; Sharma G.D.; Iqbal H.A.,Environmental cost of non-renewable energy and economic progress: Do ICT and financial development mitigate some burden?,2022,,,,,,,,,,,,,,,,,,,,,,,,,,,,,,,
Nathaniel S.P.; Adeleye N.,"Environmental preservation amidst carbon emissions, energy consumption, and urbanization in selected african countries: Implication for sustainability",2021,,,,,,,,,,,,,,,,,,,,,,,,,,,,,,,
Cho K.; Goldstein B.; Gounaridis D.; Newell J.P.,Hidden risks of deforestation in global supply chains: A study of natural rubber flows from Sri Lanka to the United States,2022,,,,,,,,,,,,,,,,,,,,,,,,,,,,,,,
Ma W.; Li J.; Peng Q.; Zhong D.; Ma J.; Jiang K.; Wu R.; Wang Q.; Zhang J.; Lv W.; Pu W.,Enhanced biodegradation of coal gasification wastewater (CGW) by a novel integration of powdered activated carbon treatment (PACT) coupled with wet air regeneration (WAR),2022,,,,,,,,,,,,,,,,,,,,,,,,,,,,,,,
Sun X.; Zhang X.,Alien species invasion of deep-sea bacteria into terrestrial soil,2022,,,,,,,,,,,,,,,,,,,,,,,,,,,,,,,
Xu D.; Bai H.; Li Z.; Lu S.; Cheng Z.; Shen X.; Wang H.,Acclimation of phytoplankton to diverse environmental variables at the initial operation stage of a free water surface constructed wetland,2021,,,,,,,,,,,,,,,,,,,,,,,,,,,,,,,
Wu J.; Zhu Q.; Qiao N.; Wang Z.; Sha W.; Luo K.; Wang H.; Feng Z.,Ecological risk assessment of coal mine area based on “source-sink” landscape theory – A case study of Pingshuo mining area,2021,,,,,,,,,,,,,,,,,,,,,,,,,,,,,,,
Dick M.; Abreu da Silva M.; Franklin da Silva R.R.; Ferreira O.G.L.; Maia M.D.S.; Lima S.F.D.; Paiva Neto V.B.D.; Dewes H.,Climate change and land use from Brazilian cow-calf production amidst diverse levels of biodiversity conservation,2022,,,,,,,,,,,,,,,,,,,,,,,,,,,,,,,
Watteyn C.; Dejonghe O.; Van Hoyweghen K.; Azofeifa Bolaños J.B.; Karremans A.P.; Vranken L.; Reubens B.; Muys B.; Maertens M.,Exploring farmer preferences towards innovations in the vanilla supply chain,2022,,,,,,,,,,,,,,,,,,,,,,,,,,,,,,,
Anthony S.J.; Morrison-Saunders A.,Analysing corporate forest disclosure: How does business value biodiversity?,2023,,,,,,,,,,,,,,,,,,,,,,,,,,,,,,,
Zhang Y.; Li Z.; Ge W.; Wang J.; Guo X.; Wang T.; Li W.,Assessment of the impact of floods on terrestrial plant biodiversity,2022,,,,,,,,,,,,,,,,,,,,,,,,,,,,,,,
Reale R.; Ribas L.C.; Magro Lindenkamp T.C.,Ecosystem services as a ballast to guide sustained economic growth by biodiversity conservation actions,2022,,,,,,,,,,,,,,,,,,,,,,,,,,,,,,,
Li L.; He Z.; Song Z.; Sheng T.; Dong Z.; Zhang F.; Ma F.,A novel strategy for rapid formation of biofilm: Polylactic acid mixed with bioflocculant modified carriers,2022,,,,,,,,,,,,,,,,,,,,,,,,,,,,,,,
Lavoie J.; Boulay A.-M.; Bulle C.,Aquatic micro- and nano-plastics in life cycle assessment: Development of an effect factor for the quantification of their physical impact on biota,2022,,,,,,,,,,,,,,,,,,,,,,,,,,,,,,,
Osei-Owusu A.K.; Wood R.; Bjelle E.L.; Caro D.; Thomsen M.,Understanding the trends in Denmark's global food trade-related greenhouse gas and resource footprint,2021,,,,,,,,,,,,,,,,,,,,,,,,,,,,,,,
de Lima Vieira J.; dos Santos Nunes L.; Rodrigues de Menezes F.G.; Vieira de Mendonça K.; Viana de Sousa O.,An integrated approach to analyzing the effect of biofloc and probiotic technologies on sustainability and food safety in shrimp farming systems,2021,,,,,,,,,,,,,,,,,,,,,,,,,,,,,,,
Wen M.; Chen L.,Global food crop redistribution reduces water footprint without compromising species diversity,2023,,,,,,,,,,,,,,,,,,,,,,,,,,,,,,,
Zhang S.; Zhou Y.; Yu R.; Xu X.; Xu M.; Li G.; Wang W.; Yang Y.,China's biodiversity conservation in the process of implementing the sustainable development goals (SDGs),2022,,,,,,,,,,,,,,,,,,,,,,,,,,,,,,,
Das K.P.; Sharma D.; Satapathy B.K.,Electrospun fibrous constructs towards clean and sustainable agricultural prospects: SWOT analysis and TOWS based strategy assessment,2022,,,,,,,,,,,,,,,,,,,,,,,,,,,,,,,
Thakur S.; Mondal I.; Bar S.; Nandi S.; Ghosh P.B.; Das P.; De T.K.,"Shoreline changes and its impact on the mangrove ecosystems of some islands of Indian Sundarbans, North-East coast of India",2021,,,,,,,,,,,,,,,,,,,,,,,,,,,,,,,
Goodwin K.; Wiedmann T.; Chen G.; Teh S.H.,Benchmarking urban performance against absolute measures of sustainability – A review,2021,,,,,,,,,,,,,,,,,,,,,,,,,,,,,,,
Zhai J.; Han B.; Li H.; Ren W.; Xue B.,Accounting for the nitrogen footprint of food production in Chinese provinces during 1998–2018,2023,,,,,,,,,,,,,,,,,,,,,,,,,,,,,,,
zu Ermgassen S.O.S.E.; Howard M.; Bennun L.; Addison P.F.E.; Bull J.W.; Loveridge R.; Pollard E.; Starkey M.,"Are corporate biodiversity commitments consistent with delivering ‘nature-positive’ outcomes? A review of ‘nature-positive’ definitions, company progress and challenges",2022,,,,,,,,,,,,,,,,,,,,,,,,,,,,,,,
Stampa E.; Zander K.,Backing biodiversity? German consumers’ views on a multi-level biodiversity-labeling scheme for beef from grazing-based production systems,2022,,,,,,,,,,,,,,,,,,,,,,,,,,,,,,,
Corvino A.; Bianchi Martini S.; Doni F.,Extinction accounting and accountability: Empirical evidence from the west European tissue industry,2021,,,,,,,,,,,,,,,,,,,,,,,,,,,,,,,
Moktadir M.A.; Dwivedi A.; Rahman T.,Antecedents for circular bioeconomy practices towards sustainability of supply chain,2022,,,,,,,,,,,,,,,,,,,,,,,,,,,,,,,
Liu M.; He W.; Zhang Z.; Sun J.; Cong N.; Nie X.; Wang Y.; Zhang L.; Yang B.; Chen Y.; Zhou H.; Shao X.; Wang Y.,Mutual feedback between above- and below-ground controls the restoration of alpine ecosystem multifunctionality in long-term grazing exclusion,2022,,,,,,,,,,,,,,,,,,,,,,,,,,,,,,,
An S.; Song Y.; Fu Q.; Qi R.; Wu Z.; Ge F.; Lu X.; An W.; Han W.,Reclaimed water use improved polluted water's self-purification capacity –Evidenced by water quality factors and bacterial community structure,2023,,,,,,,,,,,,,,,,,,,,,,,,,,,,,,,
Zhang L.; Xie L.; Xiao Y.,Maximising the benefits of regulatory ecosystem services via spatial optimisation,2021,,,,,,,,,,,,,,,,,,,,,,,,,,,,,,,
Sarkar A.,Minimalonomics: A novel economic model to address environmental sustainability and earth's carrying capacity,2022,,,,,,,,,,,,,,,,,,,,,,,,,,,,,,,
Gissi E.; Maes F.; Kyriazi Z.; Ruiz-Frau A.; Santos C.F.; Neumann B.; Quintela A.; Alves F.L.; Borg S.; Chen W.; da Luz Fernandes M.; Hadjimichael M.; Manea E.; Marques M.; Platjouw F.M.; Portman M.E.; Sousa L.P.; Bolognini L.; Flannery W.; Grati F.; Pita C.; Natasa Vaidianu; Stojanov R.; van Tatenhove J.; Micheli F.; Hornidge A.-K.; Unger S.,Contributions of marine area-based management tools to the UN sustainable development goals,2022,,,,,,,,,,,,,,,,,,,,,,,,,,,,,,,
Ramírez-Agudelo N.A.; de Pablo J.; Roca E.,Exploring alternative practices in urban water management through the lens of circular economy–A case study in the Barcelona metropolitan area,2021,,,,,,,,,,,,,,,,,,,,,,,,,,,,,,,
Ranjan R.,Linking green bond yields to the species composition of forests for improving forest quality and sustainability,2022,,,,,,,,,,,,,,,,,,,,,,,,,,,,,,,
Li R.; Wei Y.; Yi M.; Zhang L.; Cheng B.; Yu C.,Timber carbon stocks and influencing factors in the “Belt and Road Initiative” region,2022,,,,,,,,,,,,,,,,,,,,,,,,,,,,,,,
Coscieme L.; Mortensen L.F.; Donohue I.,Enhance environmental policy coherence to meet the Sustainable Development Goals,2021,,,,,,,,,,,,,,,,,,,,,,,,,,,,,,,
Karlsson Potter H.; Röös E.,Multi-criteria evaluation of plant-based foods –use of environmental footprint and LCA data for consumer guidance,2021,,,,,,,,,,,,,,,,,,,,,,,,,,,,,,,
Puppim de Oliveira J.A.; Mukhi U.; Quental C.; de Oliveira Cerqueira Fontes P.J.,Connecting businesses and biodiversity conservation through community organizing: The case of babassu breaker women in Brazil,2022,,,,,,,,,,,,,,,,,,,,,,,,,,,,,,,
Liu X.; Pan H.; Zheng X.; Zhang X.; Lyu Y.; Deng S.; Guo X.,"Integrated emergy and economic evaluation of 8 hydropower plants in Zagunao Basin, Southwest of China",2022,,,,,,,,,,,,,,,,,,,,,,,,,,,,,,,
Walker C.; Pfister S.; Hellweg S.,Methodology and optimization tool for a personalized low environmental impact and healthful diet specific to country and season,2021,,,,,,,,,,,,,,,,,,,,,,,,,,,,,,,
Valente de Macedo L.S.; Barda Picavet M.E.; Puppim de Oliveira J.A.; Shih W.-Y.,Urban green and blue infrastructure: A critical analysis of research on developing countries,2021,,,,,,,,,,,,,,,,,,,,,,,,,,,,,,,
Bisht A.; Martinez-Alier J.,"Coastal sand mining of heavy mineral sands: Contestations, resistance, and ecological distribution conflicts at HMS extraction frontiers across the world",2023,,,,,,,,,,,,,,,,,,,,,,,,,,,,,,,
Smith M.; Lal P.; Oluoch S.; Vedwan N.; Smith A.,Valuation of sustainable attributes of hard apple cider: A best-worst choice approach,2021,,,,,,,,,,,,,,,,,,,,,,,,,,,,,,,
Oliveira Duarte L.; Vasques R.A.; Fonseca Filho H.; Baruque-Ramos J.; Nakano D.,From fashion to farm: Green marketing innovation strategies in the Brazilian organic cotton ecosystem,2022,,,,,,,,,,,,,,,,,,,,,,,,,,,,,,,
Gaillet G.; Asselin A.-C.; Wermeille A.,Sustainable fisheries: Towards operationalization of decision making accounting for biodiversity,2022,,,,,,,,,,,,,,,,,,,,,,,,,,,,,,,
Hassan A.; Roberts L.; Rodger K.,Corporate accountability for biodiversity and species extinction: Evidence from organisations reporting on their impacts on nature,2022,,,,,,,,,,,,,,,,,,,,,,,,,,,,,,,
Sobkowiak M.,The making of imperfect indicators for biodiversity: A case study of UK biodiversity performance measurement,2023,,,,,,,,,,,,,,,,,,,,,,,,,,,,,,,
Efroymson R.A.; Jager H.I.; Mandal S.; Parish E.S.; Mathews T.J.,Better management practices for environmentally sustainable production of microalgae and algal biofuels,2021,,,,,,,,,,,,,,,,,,,,,,,,,,,,,,,
Biswas B.; Chakraborty D.; Timsina J.; Bhowmick U.R.; Dhara P.K.; Ghosh (Lkn) D.K.; Sarkar A.; Mondal M.; Adhikary S.; Kanthal S.; Patra K.; Sarkar S.; Parsad R.; Ray B.R.,Agroforestry offers multiple ecosystem services in degraded lateritic soils,2022,,,,,,,,,,,,,,,,,,,,,,,,,,,,,,,
Hou M.; Bao X.; Ge J.; Liang T.,Land cover pattern and habitat suitability on the global largest breeding sites for Black-necked Cranes,2021,,,,,,,,,,,,,,,,,,,,,,,,,,,,,,,
Blanco-Zaitegi G.; Álvarez Etxeberria I.; Moneva J.M.,Biodiversity accounting and reporting: A systematic literature review and bibliometric analysis,2022,,,,,,,,,,,,,,,,,,,,,,,,,,,,,,,
Eliasson K.; West C.D.; Croft S.A.; Green J.M.H.,A spatially explicit approach to assessing commodity-driven fertilizer use and its impact on biodiversity,2023,,,,,,,,,,,,,,,,,,,,,,,,,,,,,,,
Roy D.; Hassan R.; Das B.K.,A hybrid renewable-based solution to electricity and freshwater problems in the off-grid Sundarbans region of India: Optimum sizing and socio-enviro-economic evaluation,2022,,,,,,,,,,,,,,,,,,,,,,,,,,,,,,,
Ghisellini P.; Passaro R.; Ulgiati S.,"Environmental assessment of multiple “cleaner electricity mix” scenarios within just energy and circular economy transitions, in Italy and Europe",2023,,,,,,,,,,,,,,,,,,,,,,,,,,,,,,,
Schenker V.; Kulionis V.; Oberschelp C.; Pfister S.,Metals for low-carbon technologies: Environmental impacts and relation to planetary boundaries,2022,,,,,,,,,,,,,,,,,,,,,,,,,,,,,,,
Shen Z.; Wu W.; Chen S.; Tian S.; Wang J.; Li L.,A static and dynamic coupling approach for maintaining ecological networks connectivity in rapid urbanization contexts,2022,,,,,,,,,,,,,,,,,,,,,,,,,,,,,,,
De Rosa M.; Schmidt J.; Pasang H.,Industry-driven mitigation measures can reduce GHG emissions of palm oil,2022,,,,,,,,,,,,,,,,,,,,,,,,,,,,,,,
Thompson B.S.,Impact investing in biodiversity conservation with bonds: An analysis of financial and environmental risk,2023,,,,,,,,,,,,,,,,,,,,,,,,,,,,,,,
Anastasiou K.; Baker P.; Hadjikakou M.; Hendrie G.A.; Lawrence M.,A conceptual framework for understanding the environmental impacts of ultra-processed foods and implications for sustainable food systems,2022,,,,,,,,,,,,,,,,,,,,,,,,,,,,,,,
Liu T.; Sun Y.; Wang C.; Zhang Y.; Qiu Z.; Gong W.; Lei S.; Tong X.; Duan X.,Unmanned aerial vehicle and artificial intelligence revolutionizing efficient and precision sustainable forest management,2021,,,,,,,,,,,,,,,,,,,,,,,,,,,,,,,
De Oliveira U.R.; Aparecida Neto L.; Abreu P.A.F.; Fernandes V.A.,Risk management applied to the reverse logistics of solid waste,2021,,,,,,,,,,,,,,,,,,,,,,,,,,,,,,,
de Wilde P.; Bleil de Souza C.,"Interactions between buildings, building stakeholders and animals: A scoping review",2022,,,,,,,,,,,,,,,,,,,,,,,,,,,,,,,
Scherer L.; Gürdal İ.; van Bodegom P.M.,Characterization factors for ocean acidification impacts on marine biodiversity,2022,,,,,,,,,,,,,,,,,,,,,,,,,,,,,,,
Ali M.; Fujii M.; Ibrahim M.G.; Elreedy A.,On the potential of halophiles enriched from hypersaline sediments for biohydrogen production from saline wastewater,2022,,,,,,,,,,,,,,,,,,,,,,,,,,,,,,,
Vaziri V.; Sayadi A.R.; Mousavi A.; Parbhakar-Fox A.; Monjezi M.,Mathematical modeling for optimized mine waste rock disposal: Establishing more effective acid rock drainage management,2021,,,,,,,,,,,,,,,,,,,,,,,,,,,,,,,
Zhang L.; Fang C.; Zhu C.; Gao Q.,Ecosystem service trade-offs and identification of eco-optimal regions in urban agglomerations in arid regions of China,2022,,,,,,,,,,,,,,,,,,,,,,,,,,,,,,,
Jordaan S.M.; Lee J.; McClung M.R.; Moran M.D.,Quantifying the ecosystem services values of electricity generation in the US Chihuahuan Desert: A life cycle perspective,2021,,,,,,,,,,,,,,,,,,,,,,,,,,,,,,,
Reid J.; Castka P.,The impact of remote sensing on monitoring and reporting - The case of conformance systems,2023,,,,,,,,,,,,,,,,,,,,,,,,,,,,,,,
Francisco É.C.; Ignácio P.S.D.A.; Piolli A.L.; Dal Poz M.E.S.,Food-energy-water (FEW) nexus: Sustainable food production governance through system dynamics modelling journal of cleaner production,2023,,,,,,,,,,,,,,,,,,,,,,,,,,,,,,,
Chan K.; Millinger M.; Schneider U.A.; Thrän D.,How diet portfolio shifts combined with land-based climate change mitigation strategies could reduce climate burdens in Germany,2022,,,,,,,,,,,,,,,,,,,,,,,,,,,,,,,
White T.B.; Viana L.R.; Campbell G.; Elverum C.; Bennun L.A.,Using technology to improve the management of development impacts on biodiversity,2021,,,,,,,,,,,,,,,,,,,,,,,,,,,,,,,
Carvajal M.; Nadeem M.; Zaman R.,"Biodiversity disclosure, sustainable development and environmental initiatives: Does board gender diversity matter?",2022,,,,,,,,,,,,,,,,,,,,,,,,,,,,,,,
Stefanelli N.O.; Chiappetta Jabbour C.J.; Liboni Amui L.B.; Caldeira de Oliveira J.H.; Latan H.; Paillé P.; Hingley M.,Unleashing proactive low-carbon strategies through behavioral factors in biodiversity-intensive sustainable supply chains: Mixed methodology,2021,,,,,,,,,,,,,,,,,,,,,,,,,,,,,,,
Xu H.; Yang B.; Liu Y.; Li F.; Song X.; Cao X.; Sand W.,Evolution of microbial populations and impacts of microbial activity in the anaerobic-oxic-settling-anaerobic process for simultaneous sludge reduction and dyeing wastewater treatment,2021,,,,,,,,,,,,,,,,,,,,,,,,,,,,,,,
Zhang Z.; Zhang Z.; Yu X.; Li G.,Spatial patterns and drivers of forest ecological functions in a typical soil-rock mountain area of northern China along an elevational gradient,2022,,,,,,,,,,,,,,,,,,,,,,,,,,,,,,,
So K.J.Y.; Cheang C.C.; Hui T.Y.; Chan J.K.Y.,"Understanding the behavioural gap between perceived and actual environmental behaviour: Investigating the clam-harvesting pattern in Hong Kong SAR, China",2021,,,,,,,,,,,,,,,,,,,,,,,,,,,,,,,
Wilting H.C.; Schipper A.M.; Ivanova O.; Ivanova D.; Huijbregts M.A.J.,Subnational greenhouse gas and land-based biodiversity footprints in the European Union,2021,,,,,,,,,,,,,,,,,,,,,,,,,,,,,,,
Puppim de Oliveira J.A.; Bellezoni R.A.; Shih W.-Y.; Bayulken B.,Innovations in Urban Green and Blue Infrastructure: Tackling local and global challenges in cities,2022,,,,,,,,,,,,,,,,,,,,,,,,,,,,,,,
Krause M.S.; Droste N.; Matzdorf B.,What makes businesses commit to nature conservation?,2021,,,,,,,,,,,,,,,,,,,,,,,,,,,,,,,
Roberts L.; Nandy M.; Hassan A.; Lodh S.; Elamer A.A.,Corporate Accountability Towards Species Extinction Protection: Insights from Ecologically Forward-Thinking Companies,2022,,,,,,,,,,,,,,,,,,,,,,,,,,,,,,,
Ahmed N.; Turchini G.M.,Recirculating aquaculture systems (RAS): Environmental solution and climate change adaptation,2021,,,,,,,,,,,,,,,,,,,,,,,,,,,,,,,
Tian Y.; Jiang G.; Zhou D.; Li G.,"Systematically addressing the heterogeneity in the response of ecosystem services to agricultural modernization, industrialization and urbanization in the Qinghai-Tibetan Plateau from 2000 to 2018",2021,,,,,,,,,,,,,,,,,,,,,,,,,,,,,,,
Winans K.; Dlott F.; Harris E.; Dlott J.,Sustainable value mapping and analysis methodology: Enabling stakeholder participation to develop localized indicators mapped to broader sustainable development goals,2021,,,,,,,,,,,,,,,,,,,,,,,,,,,,,,,
Pyka A.; Cardellini G.; van Meijl H.; Verkerk P.J.,Modelling the bioeconomy: Emerging approaches to address policy needs,2022,,,,,,,,,,,,,,,,,,,,,,,,,,,,,,,
Negash Y.T.; Sriplod T.; Hassan A.M.,A causal sustainable natural rubber development framework using a hierarchical structure with linguistic preferences in Thailand,2021,,,,,,,,,,,,,,,,,,,,,,,,,,,,,,,
van Zelm R.; Seroa da Motta R.D.P.; Lam W.Y.; Menkveld W.; Broeders E.,Life cycle assessment of side stream removal and recovery of nitrogen from wastewater treatment plants,2020,,,,,,,,,,,,,,,,,,,,,,,,,,,,,,,
Bragaglio A.; Napolitano F.; Pacelli C.; Pirlo G.; Sabia E.; Serrapica F.; Serrapica M.; Braghieri A.,Environmental impacts of Italian beef production: A comparison between different systems,2018,,,,,,,,,,,,,,,,,,,,,,,,,,,,,,,
Deviram G.; Mathimani T.; Anto S.; Ahamed T.S.; Ananth D.A.; Pugazhendhi A.,"Applications of microalgal and cyanobacterial biomass on a way to safe, cleaner and a sustainable environment",2020,,,,,,,,,,,,,,,,,,,,,,,,,,,,,,,
Barbosa F.S.; Scavarda A.J.; Sellitto M.A.; Lopes Marques D.I.,Sustainability in the winemaking industry: An analysis of Southern Brazilian companies based on a literature review,2018,,,,,,,,,,,,,,,,,,,,,,,,,,,,,,,
Näyhä A.,"Transition in the Finnish forest-based sector: Company perspectives on the bioeconomy, circular economy and sustainability",2019,,,,,,,,,,,,,,,,,,,,,,,,,,,,,,,
Mauerhofer V.; Essl I.,An analytical framework for solutions of conflicting interests between climate change and biodiversity conservation laws on the example of Vienna/Austria,2018,,,,,,,,,,,,,,,,,,,,,,,,,,,,,,,
de Silva G.C.; Regan E.C.; Pollard E.H.B.; Addison P.F.E.,The evolution of corporate no net loss and net positive impact biodiversity commitments: Understanding appetite and addressing challenges,2019,,,,,,,,,,,,,,,,,,,,,,,,,,,,,,,
Kayatz B.; Baroni G.; Hillier J.; Lüdtke S.; Heathcote R.; Malin D.; van Tonder C.; Kuster B.; Freese D.; Hüttl R.; Wattenbach M.,Cool Farm Tool Water: A global on-line tool to assess water use in crop production,2019,,,,,,,,,,,,,,,,,,,,,,,,,,,,,,,
Jin E.; Mendis G.P.; Sutherland J.W.,Integrated sustainability assessment for a bioenergy system: A system dynamics model of switchgrass for cellulosic ethanol production in the U.S. midwest,2019,,,,,,,,,,,,,,,,,,,,,,,,,,,,,,,
Xiao J.; Zhen Z.; Tian L.; Su B.; Chen H.; Zhu A.X.,"Green behavior towards low-carbon society: Theory, measurement and action",2021,,,,,,,,,,,,,,,,,,,,,,,,,,,,,,,
Schandl H.; Fischer-Kowalski M.; West J.; Giljum S.; Dittrich M.; Eisenmenger N.; Geschke A.; Lieber M.; Wieland H.; Schaffartzik A.; Krausmann F.; Gierlinger S.; Hosking K.; Lenzen M.; Tanikawa H.; Miatto A.; Fishman T.,Global material flows and resource productivity forty years of evidence,2018,,,,,,,,,,,,,,,,,,,,,,,,,,,,,,,
Mahlangu N.; Thopil G.A.,Life cycle analysis of external costs of a parabolic trough Concentrated Solar Power plant,2018,,,,,,,,,,,,,,,,,,,,,,,,,,,,,,,
Cui L.; Wang J.; Sun L.; Lv C.,Construction and optimization of green space ecological networks in urban fringe areas: A case study with the urban fringe area of Tongzhou district in Beijing,2020,,,,,,,,,,,,,,,,,,,,,,,,,,,,,,,
Ridoutt B.; Navarro Garcia J.,"Cropland footprints from the perspective of productive land scarcity, malnutrition-related health impacts and biodiversity loss",2020,,,,,,,,,,,,,,,,,,,,,,,,,,,,,,,
Sampaio Neto O.Z.; Batista E.A.C.; Meirelles A.J.D.A.,The employment of ethanol as solvent to extract Brazil nut oil,2018,,,,,,,,,,,,,,,,,,,,,,,,,,,,,,,
Yeo Z.; Masi D.; Low J.S.C.; Ng Y.T.; Tan P.S.; Barnes S.,Tools for promoting industrial symbiosis: A systematic review,2019,,,,,,,,,,,,,,,,,,,,,,,,,,,,,,,
Singh S.; Kennedy C.,"The Nexus of Carbon, Nitrogen, and Biodiversity Impacts from Urban Metabolism",2018,,,,,,,,,,,,,,,,,,,,,,,,,,,,,,,
Mungkung R.; Pengthamkeerati P.; Chaichana R.; Watcharothai S.; Kitpakornsanti K.; Tapananont S.,"Life Cycle Assessment of Thai organic Hom Mali rice to evaluate the climate change, water use and biodiversity impacts",2019,,,,,,,,,,,,,,,,,,,,,,,,,,,,,,,
Li R.; Cui L.; Hongbo F.; Li J.; Zhao Y.; Chen J.,Satellite-based estimation of full-coverage ozone (O3) concentration and health effect assessment across Hainan Island,2020,,,,,,,,,,,,,,,,,,,,,,,,,,,,,,,
Reale R.; Magro T.C.; Ribas L.C.,Measurement and analyses of biodiversity conservation actions of corporations listed in the Brazilian stock exchange's corporate sustainability index,2018,,,,,,,,,,,,,,,,,,,,,,,,,,,,,,,
Hofmann F.; Jaeger-Erben M.,Organizational transition management of circular business model innovations,2020,,,,,,,,,,,,,,,,,,,,,,,,,,,,,,,
Rueda X.; Paz A.; Gibbs-Plessl T.; Leon R.; Moyano B.; Lambin E.F.,Smallholders at a Crossroad: Intensify or Fall behind? Exploring Alternative Livelihood Strategies in a Globalized World,2018,,,,,,,,,,,,,,,,,,,,,,,,,,,,,,,
Teng S.; Khong K.W.; Che Ha N.,Palm oil and its environmental impacts: A big data analytics study,2020,,,,,,,,,,,,,,,,,,,,,,,,,,,,,,,
Knudsen M.T.; Dorca-Preda T.; Djomo S.N.; Peña N.; Padel S.; Smith L.G.; Zollitsch W.; Hörtenhuber S.; Hermansen J.E.,"The importance of including soil carbon changes, ecotoxicity and biodiversity impacts in environmental life cycle assessments of organic and conventional milk in Western Europe",2019,,,,,,,,,,,,,,,,,,,,,,,,,,,,,,,
Salomon M.J.; Watts-Williams S.J.; McLaughlin M.J.; Cavagnaro T.R.,Urban soil health: A city-wide survey of chemical and biological properties of urban agriculture soils,2020,,,,,,,,,,,,,,,,,,,,,,,,,,,,,,,
D’Amato D.; Wan M.; Li N.; Rekola M.; Toppinen A.,Managerial Views of Corporate Impacts and Dependencies on Ecosystem Services: A Case of International and Domestic Forestry Companies in China,2018,,,,,,,,,,,,,,,,,,,,,,,,,,,,,,,
Chen X.; Zheng Y.; Xu B.; Wang L.; Han F.; Zhang C.,Balancing competing interests in the Mekong River Basin via the operation of cascade hydropower reservoirs in China: Insights from system modeling,2020,,,,,,,,,,,,,,,,,,,,,,,,,,,,,,,
Baranitharan P.; Ramesh K.; Sakthivel R.,Multi-attribute decision-making approach for Aegle marmelos pyrolysis process using TOPSIS and Grey Relational Analysis: Assessment of engine emissions through novel Infrared thermography,2019,,,,,,,,,,,,,,,,,,,,,,,,,,,,,,,
Ling T.-Y.; Chiang Y.-C.,"Well-being, health and urban coherence-advancing vertical greening approach toward resilience: A design practice consideration",2018,,,,,,,,,,,,,,,,,,,,,,,,,,,,,,,
Kumar A.; Wasan P.; Luthra S.; Dixit G.,Development of a framework for selecting a sustainable location of waste electrical and electronic equipment recycling plant in emerging economies,2020,,,,,,,,,,,,,,,,,,,,,,,,,,,,,,,
Swiergiel W.; Manduric S.; Rämert B.; Porcel M.; Tasin M.,Development of sustainable plant protection programs through multi-actor Co-innovation: An 8-year case study in Swedish apple production,2019,,,,,,,,,,,,,,,,,,,,,,,,,,,,,,,
Wang G.; Wu P.; Wu X.; Zhang H.; Guo Q.; Cai Y.,Mapping global research on sustainability of megaproject management: A scientometric review,2020,,,,,,,,,,,,,,,,,,,,,,,,,,,,,,,
Muscolo A.; Papalia T.; Settineri G.; Mallamaci C.; Jeske-Kaczanowska A.,Are raw materials or composting conditions and time that most influence the maturity and/or quality of composts? Comparison of obtained composts on soil properties,2018,,,,,,,,,,,,,,,,,,,,,,,,,,,,,,,
Asselin A.; Rabaud S.; Catalan C.; Leveque B.; L'Haridon J.; Martz P.; Neveux G.,Product Biodiversity Footprint – A novel approach to compare the impact of products on biodiversity combining Life Cycle Assessment and Ecology,2020,,,,,,,,,,,,,,,,,,,,,,,,,,,,,,,
Li B.; Yuan X.; Chen M.; Bo S.; Xia L.; Guo Y.; Zhao S.; Ma Z.; Wang T.,"How to strive for balance of coastal wind energy development with waterbird conservation in the important coastal wetlands, a case study in the Chongming Islands of East China",2020,,,,,,,,,,,,,,,,,,,,,,,,,,,,,,,
Addison P.F.E.; Stephenson P.J.; Bull J.W.; Carbone G.; Burgman M.; Burgass M.J.; Gerber L.R.; Howard P.; McCormick N.; McRae L.; Reuter K.E.; Starkey M.; Milner-Gulland E.J.,Bringing sustainability to life: A framework to guide biodiversity indicator development for business performance management,2020,,,,,,,,,,,,,,,,,,,,,,,,,,,,,,,
Dong Y.; Xu L.,Aggregate risk of reactive nitrogen under anthropogenic disturbance in the Pearl River Delta urban agglomeration,2019,,,,,,,,,,,,,,,,,,,,,,,,,,,,,,,
Wu H.; Chen J.; Xu J.; Zeng G.; Sang L.; Liu Q.; Yin Z.; Dai J.; Yin D.; Liang J.; Ye S.,Effects of dam construction on biodiversity: A review,2019,,,,,,,,,,,,,,,,,,,,,,,,,,,,,,,
Hu T.; Peng J.; Liu Y.; Wu J.; Li W.; Zhou B.,Evidence of green space sparing to ecosystem service improvement in urban regions: A case study of China's Ecological Red Line policy,2020,,,,,,,,,,,,,,,,,,,,,,,,,,,,,,,
Zhang Y.; Kendall A.,Consequential analysis of algal biofuels: Benefits to ocean resources,2019,,,,,,,,,,,,,,,,,,,,,,,,,,,,,,,
Crenna E.; Sinkko T.; Sala S.,Biodiversity impacts due to food consumption in Europe,2019,,,,,,,,,,,,,,,,,,,,,,,,,,,,,,,
Zhang Z.; Liu Y.; Wang Y.; Liu Y.; Zhang Y.; Zhang Y.,"What factors affect the synergy and tradeoff between ecosystem services, and how, from a geospatial perspective?",2020,,,,,,,,,,,,,,,,,,,,,,,,,,,,,,,
Song S.; Zhang C.; Gao Y.; Zhu X.; Wang R.; Wang M.; Zheng Y.; Hou L.; Liu M.; Wu D.,Responses of wetland soil bacterial community and edaphic factors to two-year experimental warming and Spartina alterniflora invasion in Chongming Island,2020,,,,,,,,,,,,,,,,,,,,,,,,,,,,,,,
Elsayed M.A.; Ismaeel W.S.E.,Environmental assessment for major development projects: A case study “Qattara Depression”,2019,,,,,,,,,,,,,,,,,,,,,,,,,,,,,,,
Sun X.; Shan R.; Liu F.,"Spatio-temporal quantification of patterns, trade-offs and synergies among multiple hydrological ecosystem services in different topographic basins",2020,,,,,,,,,,,,,,,,,,,,,,,,,,,,,,,
Czyżewski B.; Matuszczak A.; Polcyn J.; Smędzik-Ambroży K.; Staniszewski J.,Deadweight loss in environmental policy: The case of the European Union member states,2020,,,,,,,,,,,,,,,,,,,,,,,,,,,,,,,
Wan N.-F.; Li S.-X.; Li T.; Cavalieri A.; Weiner J.; Zheng X.-Q.; Ji X.-Y.; Zhang J.-Q.; Zhang H.-L.; Zhang H.; Bai N.-L.; Chen Y.-J.; Zhang H.-Y.; Tao X.-B.; Zhang H.-L.; Lv W.-G.; Jiang J.-X.; Li B.,Ecological intensification of rice production through rice-fish co-culture,2019,,,,,,,,,,,,,,,,,,,,,,,,,,,,,,,
Thompson B.S.,"Payments for ecosystem services and corporate social responsibility: Perspectives on sustainable production, stakeholder relations, and philanthropy in Thailand",2019,,,,,,,,,,,,,,,,,,,,,,,,,,,,,,,
Salim H.K.; Padfield R.; Yuzir A.; Mohamad S.E.; Kaida N.; Papargyropoulou E.; Nakamura S.,Evaluating the organizational intention to implement an Environmental Management System: evidence from the Indonesian food and beverage industry,2018,,,,,,,,,,,,,,,,,,,,,,,,,,,,,,,
Yu Y.; Li J.; Zhou Z.; Ma X.; Zhang X.,"Response of multiple mountain ecosystem services on environmental gradients: How to respond, and where should be priority conservation?",2021,,,,,,,,,,,,,,,,,,,,,,,,,,,,,,,
Mia M.; Gupta M.K.; Lozano J.A.; Carou D.; Pimenov D.Y.; Królczyk G.; Khan A.M.; Dhar N.R.,Multi-objective optimization and life cycle assessment of eco-friendly cryogenic N2 assisted turning of Ti-6Al-4V,2019,,,,,,,,,,,,,,,,,,,,,,,,,,,,,,,
Hassan A.M.; Roberts L.; Atkins J.,Exploring factors relating to extinction disclosures: What motivates companies to report on biodiversity and species protection?,2020,,,,,,,,,,,,,,,,,,,,,,,,,,,,,,,
Myllyviita T.; Sironen S.; Saikku L.; Holma A.; Leskinen P.; Palme U.,Assessing biodiversity impacts in life cycle assessment framework - Comparing approaches based on species richness and ecosystem indicators in the case of Finnish boreal forests,2019,,,,,,,,,,,,,,,,,,,,,,,,,,,,,,,
Roberts L.; Hassan A.; Elamer A.; Nandy M.,Biodiversity and extinction accounting for sustainable development: A systematic literature review and future research directions,2021,,,,,,,,,,,,,,,,,,,,,,,,,,,,,,,
Hernández-Fontes J.V.; Martínez M.L.; Wojtarowski A.; González-Mendoza J.L.; Landgrave R.; Silva R.,"Is ocean energy an alternative in developing regions? A case study in Michoacan, Mexico",2020,,,,,,,,,,,,,,,,,,,,,,,,,,,,,,,
Xu C.; Xu Z.; Yang Z.,Reservoir operation optimization for balancing hydropower generation and biodiversity conservation in a downstream wetland,2020,,,,,,,,,,,,,,,,,,,,,,,,,,,,,,,
van der Waal J.W.H.; Thijssens T.,Corporate involvement in Sustainable Development Goals: Exploring the territory,2020,,,,,,,,,,,,,,,,,,,,,,,,,,,,,,,
Robina-Ramírez R.; Medina-Merodio J.-A.,Transforming students’ environmental attitudes in schools through external communities,2019,,,,,,,,,,,,,,,,,,,,,,,,,,,,,,,
Páez-Osuna F.; Flores-Campaña L.M.; Karam-Quiñones C.; Páez-Michel A.L.; Saucedo-Barrón C.J.; Zavala-Norzagaray A.; Osuna-Martínez C.C.; Becerra-Pérez L.A.,Alternatives for reducing the environmental impact of an ammonia production plant adjacent to a coastal lagoon in the southeastern Gulf of California,2018,,,,,,,,,,,,,,,,,,,,,,,,,,,,,,,
Soltani Khaboushan A.; Osanloo M.; Esfahanipour A.,Optimization of open pit to underground transition depth: An idea for reducing waste rock contamination while maximizing economic benefits,2020,,,,,,,,,,,,,,,,,,,,,,,,,,,,,,,
Liu Y.; Zhang R.; Zhao W.; Wang S.; Fu B.,Comparison between tourists’ and inhabitants’ willingness to pay for nature in the Tibetan Plateau,2020,,,,,,,,,,,,,,,,,,,,,,,,,,,,,,,
Carral L.; Alvarez-Feal C.; Jesús Rodríguez-Guerreiro M.; Vargas A.; Arean N.; Carballo R.,"Methodology for positioning a group of green artificial reef based on a database management system, applied in the estuary of Ares-Betanzos (Nw Iberian Peninsula)",2019,,,,,,,,,,,,,,,,,,,,,,,,,,,,,,,
Weinzettel J.; Vačkářů D.; Medková H.,Potential net primary production footprint of agriculture: A global trade analysis,2019,,,,,,,,,,,,,,,,,,,,,,,,,,,,,,,
Azzouz L.; Jack A.,Benchmarking the sustainability reporting of high-speed railways (HSRs): Towards a state-of-the-art benchmarking and reporting framework for HSRs,2020,,,,,,,,,,,,,,,,,,,,,,,,,,,,,,,
Coscieme L.; Mortensen L.F.; Anderson S.; Ward J.; Donohue I.; Sutton P.C.,Going beyond Gross Domestic Product as an indicator to bring coherence to the Sustainable Development Goals,2020,,,,,,,,,,,,,,,,,,,,,,,,,,,,,,,
Wan N.-F.; Chen J.; Ji X.-Y.; Chacón-Labella J.; Zhang H.; Fan N.-N.; Jiang J.-X.; Li B.,Co-culture of multiple aquatic species enhances vegetable production in coastal Shanghai,2019,,,,,,,,,,,,,,,,,,,,,,,,,,,,,,,
Costa M.P.; Schoeneboom J.C.; Oliveira S.A.; Viñas R.S.; de Medeiros G.A.,A socio-eco-efficiency analysis of integrated and non-integrated crop-livestock-forestry systems in the Brazilian Cerrado based on LCA,2018,,,,,,,,,,,,,,,,,,,,,,,,,,,,,,,
Carral L.; Alvarez-Feal J.C.; Tarrio-Saavedra J.; Rodriguez Guerreiro M.J.; Fraguela J.Á.,Social interest in developing a green modular artificial reef structure in concrete for the ecosystems of the Galician rías,2018,,,,,,,,,,,,,,,,,,,,,,,,,,,,,,,
Yu Z.; Yang K.; Luo Y.; Shang C.; Zhu Y.,Lake surface water temperature prediction and changing characteristics analysis - A case study of 11 natural lakes in Yunnan-Guizhou Plateau,2020,,,,,,,,,,,,,,,,,,,,,,,,,,,,,,,
Comino E.; Dominici L.; Ambrogio F.; Rosso M.,Mini-hydro power plant for the improvement of urban water-energy nexus toward sustainability - A case study,2020,,,,,,,,,,,,,,,,,,,,,,,,,,,,,,,
Lin Y.; Qiu R.; Yao J.; Hu X.; Lin J.,The effects of urbanization on China's forest loss from 2000 to 2012: Evidence from a panel analysis,2019,,,,,,,,,,,,,,,,,,,,,,,,,,,,,,,
Lombardi G.V.; Atzori R.; Acciaioli A.; Giannetti B.; Parrini S.; Liu G.,"Agricultural landscape modification and land food footprint from 1970 to 2010: A case study of Sardinia, Italy",2019,,,,,,,,,,,,,,,,,,,,,,,,,,,,,,,
Ali M.; Kennedy C.M.; Kiesecker J.; Geng Y.,Integrating biodiversity offsets within Circular Economy policy in China,2018,,,,,,,,,,,,,,,,,,,,,,,,,,,,,,,
Paula Pinheiro M.A.; Jugend D.; Demattê Filho L.C.; Armellini F.,Framework proposal for ecodesign integration on product portfolio management,2018,,,,,,,,,,,,,,,,,,,,,,,,,,,,,,,
Florindo T.J.; Bom de Medeiros Florindo G.I.; Ruviaro C.F.; Pinto A.T.,Multicriteria decision-making and probabilistic weighing applied to sustainable assessment of beef life cycle,2020,,,,,,,,,,,,,,,,,,,,,,,,,,,,,,,
Boccia F.; Di Donato P.; Covino D.; Poli A.,Food waste and bio-economy: A scenario for the Italian tomato market,2019,,,,,,,,,,,,,,,,,,,,,,,,,,,,,,,
Fauré E.; Finnveden G.; Gunnarsson-Östling U.,Four low-carbon futures for a Swedish society beyond GDP growth,2019,,,,,,,,,,,,,,,,,,,,,,,,,,,,,,,
Boiral O.; Heras-Saizarbitoria I.; Brotherton M.-C.,Improving corporate biodiversity management through employee involvement,2019,,,,,,,,,,,,,,,,,,,,,,,,,,,,,,,
Bashir M.A.; Liu J.; Geng Y.; Wang H.; Pan J.; Zhang D.; Rehim A.; Aon M.; Liu H.,Co-culture of rice and aquatic animals: An integrated system to achieve production and environmental sustainability,2020,,,,,,,,,,,,,,,,,,,,,,,,,,,,,,,
Betancur-Corredor B.; Loaiza-Usuga J.C.; Denich M.; Borgemeister C.,Gold mining as a potential driver of development in Colombia: Challenges and opportunities,2018,,,,,,,,,,,,,,,,,,,,,,,,,,,,,,,
Bizerril M.; Rosa M.J.; Carvalho T.; Pedrosa J.,Sustainability in higher education: A review of contributions from Portuguese Speaking Countries,2018,,,,,,,,,,,,,,,,,,,,,,,,,,,,,,,
Amoah P.; Eweje G.,Impact mitigation or ecological restoration? Examining the environmental sustainability practices of multinational mining companies,2021,,,,,,,,,,,,,,,,,,,,,,,,,,,,,,,
Tait P.; Saunders C.; Dalziel P.; Rutherford P.; Driver T.; Guenther M.,Estimating wine consumer preferences for sustainability attributes: A discrete choice experiment of Californian Sauvignon blanc purchasers,2019,,,,,,,,,,,,,,,,,,,,,,,,,,,,,,,
Hofmann F.,Circular business models: Business approach as driver or obstructer of sustainability transitions?,2019,,,,,,,,,,,,,,,,,,,,,,,,,,,,,,,
Ronzon T.; Sanjuán A.I.,Friends or foes? A compatibility assessment of bioeconomy-related Sustainable Development Goals for European policy coherence,2020,,,,,,,,,,,,,,,,,,,,,,,,,,,,,,,
Taherzadeh O.; Caro D.,Drivers of water and land use embodied in international soybean trade,2019,,,,,,,,,,,,,,,,,,,,,,,,,,,,,,,
Reale R.; Magro T.C.; Ribas L.C.,Biodiversity conservation actions as a tool to improve the management of sustainable corporations and their needs ecosystem services,2019,,,,,,,,,,,,,,,,,,,,,,,,,,,,,,,
Aminul Haque M.; Chowdhury R.A.; Islam S.; Foridul Islam M.; Rahman H.,Evaluating the conventional mixing grades of demolished tiles aggregate concrete and mortar for sustainable use,2019,,,,,,,,,,,,,,,,,,,,,,,,,,,,,,,
Wan N.-F.; Su H.; Cavalieri A.; Brack B.; Wang J.-Y.; Weiner J.; Fan N.-N.; Ji X.-Y.; Jiang J.-X.,Multispecies co-culture promotes ecological intensification of vegetable production,2020,,,,,,,,,,,,,,,,,,,,,,,,,,,,,,,
Waddell S.; Waddock S.,A strategy to support transformation towards sustainability globally: The SDG transformations forum,2020,,,,,,,,,,,,,,,,,,,,,,,,,,,,,,,
Meleddu M.; Pulina M.,The efficiency of the public intervention on the environment:Evidence based on non-parametric and parametric approaches,2018,,,,,,,,,,,,,,,,,,,,,,,,,,,,,,,
Sozinho D.W.F.; Gallardo A.L.C.F.; Duarte C.G.; Ramos H.R.; Ruiz M.S.,Towards strengthening sustainability instruments in the Brazilian sugarcane ethanol sector,2018,,,,,,,,,,,,,,,,,,,,,,,,,,,,,,,
Boiral O.; Heras-Saizarbitoria I.; Brotherton M.-C.,Corporate Biodiversity Management through Certifiable Standards,2018,,,,,,,,,,,,,,,,,,,,,,,,,,,,,,,
Feng D.; Zhao G.,Footprint assessments on organic farming to improve ecological safety in the water source areas of the South-to-North Water Diversion project,2020,,,,,,,,,,,,,,,,,,,,,,,,,,,,,,,
Marzullo R.D.C.M.; Matai P.H.L.D.S.; Morita D.M.,New method to calculate water ecotoxicity footprint of products: A contribution to the decision-making process toward sustainability,2018,,,,,,,,,,,,,,,,,,,,,,,,,,,,,,,
Verburg R.W.; Osseweijer F.,A framework to estimate biodiversity loss and associated costs due to nitrogen emissions from single power plants,2019,,,,,,,,,,,,,,,,,,,,,,,,,,,,,,,
Shah S.I.A.; Zhou J.; Shah A.A.,Ecosystem-based Adaptation (EbA) practices in smallholder agriculture; emerging evidence from rural Pakistan,2019,,,,,,,,,,,,,,,,,,,,,,,,,,,,,,,
Di Donato P.; Finore I.; Poli A.; Nicolaus B.; Lama L.,The production of second generation bioethanol: The biotechnology potential of thermophilic bacteria,2019,,,,,,,,,,,,,,,,,,,,,,,,,,,,,,,
Schmidt J.; De Rosa M.,Certified palm oil reduces greenhouse gas emissions compared to non-certified,2020,,,,,,,,,,,,,,,,,,,,,,,,,,,,,,,
Chakraborty S.; Sahoo S.; Majumdar D.; Saha S.; Roy S.,Future Mangrove Suitability Assessment of Andaman to strengthen sustainable development,2019,,,,,,,,,,,,,,,,,,,,,,,,,,,,,,,
Salisu Barau A.; Stringer L.C.; Adamu A.U.,Environmental ethics and future oriented transformation to sustainability in Sub-Saharan Africa,2016,,,,,,,,,,,,,,,,,,,,,,,,,,,,,,,
Kilkiş Ş.; Kilkiş Ş.,Benchmarking airports based on a sustainability ranking index,2016,,,,,,,,,,,,,,,,,,,,,,,,,,,,,,,
Bosselmann K.,Losing the forest for the trees: Environmental reductionism in the law,2010,,,,,,,,,,,,,,,,,,,,,,,,,,,,,,,
Schepers D.H.,Challenges to legitimacy at the forest Stewardship council,2010,,,,,,,,,,,,,,,,,,,,,,,,,,,,,,,
Battini F.; Agostini A.; Tabaglio V.; Amaducci S.,Environmental impacts of different dairy farming systems in the Po Valley,2016,,,,,,,,,,,,,,,,,,,,,,,,,,,,,,,
Schmitt E.; Galli F.; Menozzi D.; Maye D.; Touzard J.-M.; Marescotti A.; Six J.; Brunori G.,Comparing the sustainability of local and global food products in Europe,2017,,,,,,,,,,,,,,,,,,,,,,,,,,,,,,,
Boiral O.; Heras-Saizarbitoria I.,"Managing Biodiversity Through Stakeholder Involvement: Why, Who, and for What Initiatives?",2017,,,,,,,,,,,,,,,,,,,,,,,,,,,,,,,
Weiss M.; Haufe J.; Carus M.; Brandão M.; Bringezu S.; Hermann B.; Patel M.K.,A Review of the Environmental Impacts of Biobased Materials,2012,,,,,,,,,,,,,,,,,,,,,,,,,,,,,,,
Shonbrun S.,The sustainability web,2012,,,,,,,,,,,,,,,,,,,,,,,,,,,,,,,
Ooba M.; Hayashi K.; Fujii M.; Fujita T.; Machimura T.; Matsui T.,A long-term assessment of ecological-economic sustainability of woody biomass production in Japan,2015,,,,,,,,,,,,,,,,,,,,,,,,,,,,,,,
Liu H.; Li F.; Xu L.; Han B.,"The impact of socio-demographic, environmental, and individual factors on urban park visitation in Beijing, China",2017,,,,,,,,,,,,,,,,,,,,,,,,,,,,,,,
Aubauer H.P.,Development of ecological footprint to an essential economic and political tool,2011,,,,,,,,,,,,,,,,,,,,,,,,,,,,,,,
Tevie J.; Grimsrud K.M.; Berrens R.P.,Testing the environmental kuznets curve hypothesis for biodiversity risk in the US: A spatial econometric approach,2011,,,,,,,,,,,,,,,,,,,,,,,,,,,,,,,
Bonilla-Moheno M.; García-Frapolli E.,Conservation in Context: A comparison of conservation perspectives in a mexican protected area,2012,,,,,,,,,,,,,,,,,,,,,,,,,,,,,,,
Schaffartzik A.; Haberl H.; Kastner T.; Wiedenhofer D.; Eisenmenger N.; Erb K.-H.,Trading land: A review of approaches to accounting for upstream land requirements of traded products,2015,,,,,,,,,,,,,,,,,,,,,,,,,,,,,,,
Terrapon-Pfaff J.C.,Linking energy- and land-use systems: Energy potentials and environmental risks of using agricultural residues in Tanzania,2012,,,,,,,,,,,,,,,,,,,,,,,,,,,,,,,
Yue J.; Jiang X.; Yuan X.; Wang X.; Li B.; Liu S.,Design of a multiplexed system for domestic wastewater of Happy Farmer's Home (HFH) and environmental evaluation using the emergy analysis,2017,,,,,,,,,,,,,,,,,,,,,,,,,,,,,,,
Cucurachi S.; Heijungs R.; Peijnenburg W.J.G.M.; Bolte J.F.B.; De Snoo G.R.,A framework for deciding on the inclusion of emerging impacts in life cycle impact assessment,2014,,,,,,,,,,,,,,,,,,,,,,,,,,,,,,,
Lehmann S.,Optimizing urban material flows and waste streams in urban development through principles of zero waste and sustainable consumption,2011,,,,,,,,,,,,,,,,,,,,,,,,,,,,,,,
Dekamin M.; Veisi H.; Safari E.; Liaghati H.; Khoshbakht K.; Dekamin M.G.,Life cycle assessment for rainbow trout (Oncorhynchus mykiss) production systems: A case study for Iran,2015,,,,,,,,,,,,,,,,,,,,,,,,,,,,,,,
Weinberger N.; Jörissen J.; Schippl J.,"Foresight on environmental technologies: Options for the prioritisation of future research funding - Lessons learned from the project ""Roadmap Environmental Technologies 2020+""",2012,,,,,,,,,,,,,,,,,,,,,,,,,,,,,,,
Ku H.W.; Tok C.T.; Suresh A.; Ong B.L.,"""Active"" hydroponic greenhouse system to kick-start and augment reforestation program through carbon sequestration - An experimental and theoretical feasibility study",2016,,,,,,,,,,,,,,,,,,,,,,,,,,,,,,,
Boiral O.,Accounting for the Unaccountable: Biodiversity Reporting and Impression Management,2016,,,,,,,,,,,,,,,,,,,,,,,,,,,,,,,
van Schalkwyk D.L.; McMillin K.W.; Witthuhn R.C.; Hoffman L.C.,The contribution of wildlife to sustainable natural resource utilization in Namibia: A review,2010,,,,,,,,,,,,,,,,,,,,,,,,,,,,,,,
Escobar L.F.; Vredenburg H.,Multinational Oil Companies and the Adoption of Sustainable Development: A Resource-Based and Institutional Theory Interpretation of Adoption Heterogeneity,2011,,,,,,,,,,,,,,,,,,,,,,,,,,,,,,,
Mohammad Sabli N.S.; Zainon Noor Z.; Kanniah K.A.; Kamaruddin S.N.; Mohamed Rusli N.,Developing a methodology for water footprint of palm oil based on a methodological review,2017,,,,,,,,,,,,,,,,,,,,,,,,,,,,,,,
Heidari M.D.; Huijbregts M.A.J.; Mobli H.; Omid M.; Rafiee S.; van Zelm R.,Regionalised life cycle assessment of pasta production in Iran: Damage to terrestrial ecosystems,2017,,,,,,,,,,,,,,,,,,,,,,,,,,,,,,,
Greenway M.,"Stormwater wetlands for the enhancement of environmental ecosystem services: case studies for two retrofit wetlands in Brisbane, Australia",2017,,,,,,,,,,,,,,,,,,,,,,,,,,,,,,,
Medková H.; Vačkář D.; Weinzettel J.,Appropriation of potential net primary production by cropland in terrestrial ecoregions,2017,,,,,,,,,,,,,,,,,,,,,,,,,,,,,,,
Myllyviita T.; Holma A.; Antikainen R.; Lähtinen K.; Leskinen P.,Assessing environmental impacts of biomass production chains - Application of life cycle assessment (LCA) and multi-criteria decision analysis (MCDA),2012,,,,,,,,,,,,,,,,,,,,,,,,,,,,,,,
Whiteman G.; de Vos D.R.; Chapin F.S.; Yli-Pelkonen V.; Niemelä J.; Forbes B.C.,Business strategies and the transition to low-carbon cities,2011,,,,,,,,,,,,,,,,,,,,,,,,,,,,,,,
Newton J.L.; Freyfogle E.T.,Sustainability: A dissent,2017,,,,,,,,,,,,,,,,,,,,,,,,,,,,,,,
Cooper D.R.; Gutowski T.G.,The Environmental Impacts of Reuse: A Review,2017,,,,,,,,,,,,,,,,,,,,,,,,,,,,,,,
Oyarzo J.; Peuportier B.,Life cycle assessment model applied to housing in Chile,2014,,,,,,,,,,,,,,,,,,,,,,,,,,,,,,,
Cao V.; Margni M.; Favis B.D.; Deschênes L.,Aggregated indicator to assess land use impacts in life cycle assessment (LCA) based on the economic value of ecosystem services,2015,,,,,,,,,,,,,,,,,,,,,,,,,,,,,,,
Lathuillière M.J.; Miranda E.J.; Bulle C.; Couto E.G.; Johnson M.S.,"Land occupation and transformation impacts of soybean production in Southern Amazonia, Brazil",2017,,,,,,,,,,,,,,,,,,,,,,,,,,,,,,,
Hansen S.B.; Padfield R.; Syayuti K.; Evers S.; Zakariah Z.; Mastura S.,Trends in global palm oil sustainability research,2015,,,,,,,,,,,,,,,,,,,,,,,,,,,,,,,
Wilting H.C.; van Oorschot M.M.P.,Quantifying biodiversity footprints of Dutch economic sectors: A global supply-chain analysis,2017,,,,,,,,,,,,,,,,,,,,,,,,,,,,,,,
Tukker A.,Knowledge collaboration and learning by aligning global sustainability programs: Reflections in the context of Rio+20,2013,,,,,,,,,,,,,,,,,,,,,,,,,,,,,,,
Loehr D.,External costs as driving forces of land use changes,2010,,,,,,,,,,,,,,,,,,,,,,,,,,,,,,,
Notarnicola B.; Hayashi K.; Curran M.A.; Huisingh D.,Progress in working towards a more sustainable agri-food industry,2012,,,,,,,,,,,,,,,,,,,,,,,,,,,,,,,
Krantzberg G.,Renegotiation of the 1987 great lakes water quality agreement: From confusion to promise,2012,,,,,,,,,,,,,,,,,,,,,,,,,,,,,,,
Primmer E.,Analysis of institutional adaptation: Integration of biodiversity conservation into forestry,2011,,,,,,,,,,,,,,,,,,,,,,,,,,,,,,,
Hanafiah M.M.; Hendriks A.J.; Huijbregts M.A.J.,Comparing the ecological footprint with the biodiversity footprint of products,2012,,,,,,,,,,,,,,,,,,,,,,,,,,,,,,,
Beumer C.; Martens P.,Noah's ark or world wild web? Cultural perspectives in global scenario studies and their function for biodiversity conservation in a changing world,2010,,,,,,,,,,,,,,,,,,,,,,,,,,,,,,,
Zölch T.; Wamsler C.; Pauleit S.,Integrating the ecosystem-based approach into municipal climate adaptation strategies: The case of Germany,2018,,,,,,,,,,,,,,,,,,,,,,,,,,,,,,,
Tuomisto H.L.; Hodge I.D.; Riordan P.; MacDonald D.W.,"Exploring a safe operating approach to weighting in life cycle impact assessment - A case study of organic, conventional and integrated farming systems",2012,,,,,,,,,,,,,,,,,,,,,,,,,,,,,,,
Giuntoli J.; Caserini S.; Marelli L.; Baxter D.; Agostini A.,Domestic heating from forest logging residues: Environmental risks and benefits,2015,,,,,,,,,,,,,,,,,,,,,,,,,,,,,,,
Teixeira R.F.M.; De Souza D.M.; Curran M.P.; Antón A.; Michelsen O.; Milá I Canals L.,Towards consensus on land use impacts on biodiversity in LCA: UNEP/SETAC Life Cycle Initiative preliminary recommendations based on expert contributions,2016,,,,,,,,,,,,,,,,,,,,,,,,,,,,,,,
Biswas W.K.; Cooling D.,Sustainability assessment of red sand as a substitute for virgin sand and crushed limestone,2013,,,,,,,,,,,,,,,,,,,,,,,,,,,,,,,
Islas-Espinoza M.; de las Heras A.; Vázquez-Chagoyán J.C.; Salem A.Z.M.,Anaerobic cometabolism of fruit and vegetable wastes using mammalian fecal inoculums: Fast assessment of biomethane production,2017,,,,,,,,,,,,,,,,,,,,,,,,,,,,,,,
Ford J.S.; Pelletier N.L.; Ziegler F.; Scholz A.J.; Tyedmers P.H.; Sonesson U.; Kruse S.A.; Silverman H.,Proposed Local Ecological Impact Categories and Indicators for Life Cycle Assessment of Aquaculture: A Salmon Aquaculture Case Study,2012,,,,,,,,,,,,,,,,,,,,,,,,,,,,,,,
Weng Y.-C.; Fujiwara T.; Houng H.J.; Sun C.-H.; Li W.-Y.; Kuo Y.-W.,"Management of landfill reclamation with regard to biodiversity preservation, global warming mitigation and landfill mining: Experiences from the Asia-Pacific region",2015,,,,,,,,,,,,,,,,,,,,,,,,,,,,,,,
Frison E.A.; Cherfas J.; Hodgkin T.,Agricultural biodiversity is essential for a sustainable improvement in food and nutrition security,2011,,,,,,,,,,,,,,,,,,,,,,,,,,,,,,,
Vidal Legaz B.; Maia De Souza D.; Teixeira R.F.M.; Antón A.; Putman B.; Sala S.,"Soil quality, properties, and functions in life cycle assessment: an evaluation of models",2017,,,,,,,,,,,,,,,,,,,,,,,,,,,,,,,
Holma A.; Koponen K.; Antikainen R.; Lardon L.; Leskinen P.; Roux P.,Current limits of life cycle assessment framework in evaluating environmental sustainability - Case of two evolving biofuel technologies,2013,,,,,,,,,,,,,,,,,,,,,,,,,,,,,,,
Röös E.; Ekelund L.; Tjärnemo H.,Communicating the environmental impact of meat production: Challenges in the development of a Swedish meat guide,2014,,,,,,,,,,,,,,,,,,,,,,,,,,,,,,,
Boiral O.; Heras-Saizarbitoria I.,Corporate commitment to biodiversity in mining and forestry: Identifying drivers from GRI reports,2017,,,,,,,,,,,,,,,,,,,,,,,,,,,,,,,
Rojas M.O.; Collins S.; Cal V.; Caal F.; Knight K.; Arnason J.; Poveda L.; Sanchez-Vindas P.; Pesek T.,"Sustaining rainforest plants, people and Global health: A model for learning from traditions in holistic health promotion and community based conservation as implemented by Q'eqchi' Maya Healers, Maya Mountains, Belize",2010,,,,,,,,,,,,,,,,,,,,,,,,,,,,,,,
Crenna E.; Sala S.; Polce C.; Collina E.,Pollinators in life cycle assessment: towards a framework for impact assessment,2017,,,,,,,,,,,,,,,,,,,,,,,,,,,,,,,
Bunruamkaew K.; Murayama Y.,"Land use and natural resources planning for sustainable ecotourism using GIS in Surat Thani, Thailand",2012,,,,,,,,,,,,,,,,,,,,,,,,,,,,,,,
Adekomaya O.; Jamiru T.; Sadiku R.; Huan Z.,Negative impact from the application of natural fibers,2017,,,,,,,,,,,,,,,,,,,,,,,,,,,,,,,
Xie H.; He Y.; Xie X.,Exploring the factors influencing ecological land change for China's Beijing–Tianjin–Hebei Region using big data,2017,,,,,,,,,,,,,,,,,,,,,,,,,,,,,,,
Jones P.T.; Geysen D.; Tielemans Y.; Van Passel S.; Pontikes Y.; Blanpain B.; Quaghebeur M.; Hoekstra N.,Enhanced Landfill Mining in view of multiple resource recovery: A critical review,2013,,,,,,,,,,,,,,,,,,,,,,,,,,,,,,,
Baldini C.; Gardoni D.; Guarino M.,A critical review of the recent evolution of Life Cycle Assessment applied to milk production,2017,,,,,,,,,,,,,,,,,,,,,,,,,,,,,,,
Munang R.T.; Thiaw I.; Rivington M.,Ecosystem management: Tomorrow's approach to enhancing food security under a changing climate,2011,,,,,,,,,,,,,,,,,,,,,,,,,,,,,,,
Bruinen De Bruin Y.; Peijnenburg W.; Vermeire T.; Posthuma L.; Hogendoorn E.; Verhoeven J.,A tiered approach for environmental impact assessment of chemicals and their alternatives within the context of socio-economic analyses,2015,,,,,,,,,,,,,,,,,,,,,,,,,,,,,,,
Ely A.; Geall S.; Song Y.,Sustainable maize production and consumption in China: practices and politics in transition,2016,,,,,,,,,,,,,,,,,,,,,,,,,,,,,,,
Chen W.; Zhong S.; Geng Y.; Chen Y.; Cui X.; Wu Q.; Pan H.; Wu R.; Sun L.; Tian X.,"Emergy based sustainability evaluation for Yunnan Province, China",2017,,,,,,,,,,,,,,,,,,,,,,,,,,,,,,,
Mohammed Y.S.; Bashir N.; Mustafa M.W.,Overuse of wood-based bioenergy in selected sub-Saharan Africa countries: Review of unconstructive challenges and suggestions,2015,,,,,,,,,,,,,,,,,,,,,,,,,,,,,,,
Cherubini E.; Zanghelini G.M.; Alvarenga R.A.F.; Franco D.; Soares S.R.,Life cycle assessment of swine production in Brazil: A comparison of four manure management systems,2015,,,,,,,,,,,,,,,,,,,,,,,,,,,,,,,
Li F.; Liu H.; Huisingh D.; Wang Y.; Wang R.,"Shifting to healthier cities with improved urban ecological infrastructure: From the perspectives of planning, implementation, governance and engineering",2017,,,,,,,,,,,,,,,,,,,,,,,,,,,,,,,
Treu H.; Nordborg M.; Cederberg C.; Heuer T.; Claupein E.; Hoffmann H.; Berndes G.,Carbon footprints and land use of conventional and organic diets in Germany,2017,,,,,,,,,,,,,,,,,,,,,,,,,,,,,,,
Rugani B.; Rocchini D.,Boosting the use of spectral heterogeneity in the impact assessment of agricultural land use on biodiversity,2017,,,,,,,,,,,,,,,,,,,,,,,,,,,,,,,
Head M.; Sevenster M.; Odegard I.; Krutwagen B.; Croezen H.; Bergsma G.,Life cycle impacts of protein-rich foods: Creating robust yet extensive life cycle models for use in a consumer app,2014,,,,,,,,,,,,,,,,,,,,,,,,,,,,,,,
Hirel B.; Tétu T.; Lea P.J.; Dubois F.,Improving nitrogen use efficiency in crops for sustainable agriculture,2011,,,,,,,,,,,,,,,,,,,,,,,,,,,,,,,
Gallina S.,Is sustainablity possible in protected areas in Mexico? Deer as an example of a renewable resource,2012,,,,,,,,,,,,,,,,,,,,,,,,,,,,,,,
Van Der Werf H.M.G.; Garnett T.; Corson M.S.; Hayashi K.; Huisingh D.; Cederberg C.,"Towards eco-efficient agriculture and food systems: Theory, praxis and future challenges",2014,,,,,,,,,,,,,,,,,,,,,,,,,,,,,,,
Khoi D.D.; Murayama Y.,"Delineation of suitable cropland areas using a GIS based multi-criteria evaluation approach in the tam Dao national park region, Vietnam",2010,,,,,,,,,,,,,,,,,,,,,,,,,,,,,,,
Bateman H.L.; Merritt D.M.; Johnson J.B.,"Riparian forest restoration: Conflicting goals, trade-offs, and measures of success",2012,,,,,,,,,,,,,,,,,,,,,,,,,,,,,,,
Ortega-Álvarez R.; Sánchez-González L.A.; Rodríguez-Contreras V.; Vargas-Canales V.M.; Puebla-Olivares F.; Berlanga H.,Birding for and with people: Integrating local participation in avian monitoring programs within high biodiversity areas in Southern Mexico,2012,,,,,,,,,,,,,,,,,,,,,,,,,,,,,,,
Michelsen O.; Cherubini F.; Strømman A.H.,"Impact Assessment of Biodiversity and Carbon Pools from Land Use and Land Use Changes in Life Cycle Assessment, Exemplified with Forestry Operations in Norway",2012,,,,,,,,,,,,,,,,,,,,,,,,,,,,,,,
Whiteman G.; Walker B.; Perego P.,Planetary Boundaries: Ecological Foundations for Corporate Sustainability,2013,,,,,,,,,,,,,,,,,,,,,,,,,,,,,,,
Wolff A.; Gondran N.; Brodhag C.,Detecting unsustainable pressures exerted on biodiversity by a company. Application to the food portfolio of a retailer,2017,,,,,,,,,,,,,,,,,,,,,,,,,,,,,,,
De Rosa M.; Knudsen M.T.; Hermansen J.E.,A comparison of Land Use Change models: Challenges and future developments,2016,,,,,,,,,,,,,,,,,,,,,,,,,,,,,,,
Musella F.; Bramati M.C.; Alleva G.,Mapping resource conflicts with probabilistic network models,2016,,,,,,,,,,,,,,,,,,,,,,,,,,,,,,,
Parajuli R.; Kristensen I.S.; Knudsen M.T.; Mogensen L.; Corona A.; Birkved M.; Peña N.; Graversgaard M.; Dalgaard T.,"Environmental life cycle assessments of producing maize, grass-clover, ryegrass and winter wheat straw for biorefinery",2017,,,,,,,,,,,,,,,,,,,,,,,,,,,,,,,
Malico I.; Carrajola J.; Gomes C.P.; Lima J.C.,Biomass residues for energy production and habitat preservation. Case study in a montado area in Southwestern Europe,2016,,,,,,,,,,,,,,,,,,,,,,,,,,,,,,,
Chatterton J.; Graves A.; Audsley E.; Morris J.; Williams A.,Using systems-based life cycle assessment to investigate the environmental and economic impacts and benefits of the livestock sector in the UK,2015,,,,,,,,,,,,,,,,,,,,,,,,,,,,,,,
Frank Eshun J.; Potting J.; Leemans R.,Wood waste minimization in the timber sector of Ghana: A systems approach to reduce environmental impact,2012,,,,,,,,,,,,,,,,,,,,,,,,,,,,,,,
Dal Bo Zanon B.; Roeffen B.; Czapiewska K.M.; de Graaf-Van Dinther R.E.; Mooij P.R.,Potential of floating production for delta and coastal cities,2017,,,,,,,,,,,,,,,,,,,,,,,,,,,,,,,
Guerci M.; Knudsen M.T.; Bava L.; Zucali M.; Schönbach P.; Kristensen T.,"Parameters affecting the environmental impact of a range of dairy farming systems in Denmark, Germany and Italy",2013,,,,,,,,,,,,,,,,,,,,,,,,,,,,,,,
Cummings J.,The mining industry and land rehabilitation in Australia-once were leaders?,2014,,,,,,,,,,,,,,,,,,,,,,,,,,,,,,,
Soussana J.-F.,Research priorities for sustainable agri-food systems and life cycle assessment,2014,,,,,,,,,,,,,,,,,,,,,,,,,,,,,,,
Soode E.; Lampert P.; Weber-Blaschke G.; Richter K.,"Carbon footprints of the horticultural products strawberries, asparagus, roses and orchids in Germany",2015,,,,,,,,,,,,,,,,,,,,,,,,,,,,,,,
Flysjö A.; Cederberg C.; Henriksson M.; Ledgard S.,The interaction between milk and beef production and emissions from land use change - Critical considerations in life cycle assessment and carbon footprint studies of milk,2012,,,,,,,,,,,,,,,,,,,,,,,,,,,,,,,
Han H.-S.; Oneil E.; Bergman R.D.; Eastin I.L.; Johnson L.R.,Cradle-to-gate life cycle impacts of redwood forest resource harvesting in northern California,2015,,,,,,,,,,,,,,,,,,,,,,,,,,,,,,,
Kobayashi H.; Watando H.; Kakimoto M.,A global extent site-level analysis of land cover and protected area overlap with mining activities as an indicator of biodiversity pressure,2014,,,,,,,,,,,,,,,,,,,,,,,,,,,,,,,
Pacheco L.; Fraixedas S.; Fernández-Llamazares Á.; Estela N.; Mominee R.; Guallar F.,Perspectives on sustainable resource conservation in community nature reserves: A case study from senegal,2012,,,,,,,,,,,,,,,,,,,,,,,,,,,,,,,
Castañé S.; Antón A.,Assessment of the nutritional quality and environmental impact of two food diets: A Mediterranean and a vegan diet,2017,,,,,,,,,,,,,,,,,,,,,,,,,,,,,,,
Arto I.,Using total material requirement to reduce the global environmental burden,2009,,,,,,,,,,,,,,,,,,,,,,,,,,,,,,,
Schmidt J.H.,Development of LCIA characterisation factors for land use impacts on biodiversity,2008,,,,,,,,,,,,,,,,,,,,,,,,,,,,,,,
Poesche J.,Business ethics in the choice of new technology in the kraft pulping industry,1998,,,,,,,,,,,,,,,,,,,,,,,,,,,,,,,
Martinez R. L.M.; Gerritsen P.R.W.; Cuevas R.; Rosales A. J.,Incorporating principles of sustainable development in research and education in western Mexico,2006,,,,,,,,,,,,,,,,,,,,,,,,,,,,,,,
Lordkipanidze M.; Brezet H.; Backman M.,The entrepreneurship factor in sustainable tourism development,2005,,,,,,,,,,,,,,,,,,,,,,,,,,,,,,,
Ayer N.; Côté R.P.; Tyedmers P.H.; Martin Willison J.H.,Sustainability of seafood production and consumption: an introduction to the special issue,2009,,,,,,,,,,,,,,,,,,,,,,,,,,,,,,,
Wiedmann T.; Barrett J.,A review of the ecological footprint indicator-perceptions and methods,2010,,,,,,,,,,,,,,,,,,,,,,,,,,,,,,,
Smith M.,Perspectives on the U.S. Paper Industry and Sustainable Production,1997,,,,,,,,,,,,,,,,,,,,,,,,,,,,,,,
Ometto A.R.; Ramos P.A.R.; Lombardi G.,The benefits of a Brazilian agro-industrial symbiosis system and the strategies to make it happen,2007,,,,,,,,,,,,,,,,,,,,,,,,,,,,,,,
Köllner T.,Species-pool effect potentials (SPEP) as a yardstick to evaluate land-use impacts on biodiversity,2000,,,,,,,,,,,,,,,,,,,,,,,,,,,,,,,
Giampietro M.,"Comments on ""The energetic metabolism of the European Union and the United States"" by Haberl and colleagues: Theoretical and practical considerations on the meaning and usefulness of traditional energy analysis",2006,,,,,,,,,,,,,,,,,,,,,,,,,,,,,,,
Owens J.W.,Life-cycle assessment: Constraints on moving from inventory to impact assessment,1997,,,,,,,,,,,,,,,,,,,,,,,,,,,,,,,
von Blottnitz H.; Curran M.A.,"A review of assessments conducted on bio-ethanol as a transportation fuel from a net energy, greenhouse gas, and environmental life cycle perspective",2007,,,,,,,,,,,,,,,,,,,,,,,,,,,,,,,
Joutsenvirta M.,A language perspective to environmental management and corporate responsibility,2009,,,,,,,,,,,,,,,,,,,,,,,,,,,,,,,
Vogtländer J.G.; Lindeijer E.; Witte J.-P.M.; Hendriks C.,Characterizing the change of land-use based on flora: Application for EIA and LCA,2004,,,,,,,,,,,,,,,,,,,,,,,,,,,,,,,
Cabezas H.; Pawlowski C.W.; Mayer A.L.; Hoagland N.T.,Sustainable systems theory: Ecological and other aspects,2005,,,,,,,,,,,,,,,,,,,,,,,,,,,,,,,
McCormick K.; Mühlhäuser E.; Nordén B.; Hansson L.; Foung C.; Arnfalk P.; Karlsson M.; Pigretti D.,Education for sustainable development and the Young Masters Program,2005,,,,,,,,,,,,,,,,,,,,,,,,,,,,,,,
Cederberg C.; Mattsson B.,Life cycle assessment of milk production - a comparison of conventional and organic farming,2000,,,,,,,,,,,,,,,,,,,,,,,,,,,,,,,
Milà i Canals L.; Romanyà J.; Cowell S.J.,Method for assessing impacts on life support functions (LSF) related to the use of 'fertile land' in Life Cycle Assessment (LCA),2007,,,,,,,,,,,,,,,,,,,,,,,,,,,,,,,
Keijzers G.,The transition to the sustainable enterprise,2002,,,,,,,,,,,,,,,,,,,,,,,,,,,,,,,
Mattsson B.; Cederberg C.; Blix L.,Agricultural land use in life cycle assessment (LCA): Case studies of three vegetable oil crops,2000,,,,,,,,,,,,,,,,,,,,,,,,,,,,,,,
Willison J.H.M.; Côté R.P.,Counting biodiversity waste in industrial eco-efficiency: fisheries case study,2009,,,,,,,,,,,,,,,,,,,,,,,,,,,,,,,
Antón A.; Castells F.; Montero J.I.,Land use indicators in life cycle assessment. Case study: The environmental impact of Mediterranean greenhouses,2007,,,,,,,,,,,,,,,,,,,,,,,,,,,,,,,
Burritt R.L.,Environmental reporting in Australia: Current practices and issues for the future,2002,,,,,,,,,,,,,,,,,,,,,,,,,,,,,,,
Brandão M.; Clift R.; Milà L.C.; Basson L.,A life-cycle approach to characterising environmental and economic impacts of multifunctional land-use systems: An integrated assessment in the UK,2010,,,,,,,,,,,,,,,,,,,,,,,,,,,,,,,
Mendum R.; Glenna L.L.,Socioeconomic obstacles to establishing a participatory plant breeding program for organic growers in the United States,2010,,,,,,,,,,,,,,,,,,,,,,,,,,,,,,,
Brown G.; Stone L.,Cleaner production in New Zealand: taking stock,2007,,,,,,,,,,,,,,,,,,,,,,,,,,,,,,,
D'Amore L.,Peace through tourism: The birthing of a new socio-economic order,2009,,,,,,,,,,,,,,,,,,,,,,,,,,,,,,,
DeGeorges P.A.; Reilly B.K.,The realities of community based natural resource management and biodiversity conservation in Sub-Saharan Africa,2009,,,,,,,,,,,,,,,,,,,,,,,,,,,,,,,
van Amstel M.; Driessen P.; Glasbergen P.,Eco-labeling and information asymmetry: a comparison of five eco-labels in the Netherlands,2008,,,,,,,,,,,,,,,,,,,,,,,,,,,,,,,
Keijzers G.,The evolution of Dutch environmental policy: The changing ecological arena from 1970-2000 and beyond,2000,,,,,,,,,,,,,,,,,,,,,,,,,,,,,,,
Lindeijer E.,Biodiversity and life support impacts of land use in LCA,2000,,,,,,,,,,,,,,,,,,,,,,,,,,,,,,,
Sharma S.; Nguan O.,The biotechnology industry and strategies of biodiversity conservation: The influence of managerial interpretations and risk propensity,1999,,,,,,,,,,,,,,,,,,,,,,,,,,,,,,,
